DEGREE_PROGRAMME,COMPANY_NAME, LOCATION, CONTACT
information technology ,Dedan kimathi university of  technology ,Nyeri,info@dkut.ac.ke
mathematics and computer science ,Huduma Center kerugoya ,KERUGOYA ,hudumakenyakirinyaga@gmail.com
Financial Engineering ,County Government of Kirinyaga ,Kutus ,kirinyagacounty2013@gmail.com 
information technology ,African Airlines building (AFRAA BUILDING),"South C, Nairobi ",info@optimaxgroup.co.ke
Software Engineering,Teach2Give,KUTUS,info@teach2give
Computer Science,GITHONGO TEA FACTORY,GITHONGO MERU,info@githongo.ktdateas.com
Software Engineering,Rift Valley Training Institute,Nakuru,principal@rvist.ac.ke
Computer Science,Thika Technical Training Institute,Thika,info@thikatechnical.ac.ke
Software Engineering,Techsak Technologies,Ruiru Bypass ,samwel2030@gmail.com
Software Engineering ,kijana poa Org.,Kajiado,kijanapoaenterprize@gmail.com
Mathematics and Computer Science,IMARISHA SACCO LIMITED BOMET,Bomet,Vincent.kirui@imarishasacco.co.ke
Mathematics and Computer Science ,KERUGOYA COUNTY REFERRAL HOSPITAL,Kerugoya,kerugoyahospital@gmail.com
information technology,Teach2Give,Nyeri,info@teach2give.com
Financial Engineering,AMICA SAVINGS AND CREDIT LIMITED HQ,MURANG'A ,hello@amicacs.co.ke
mathematics and computer science ,Chuka hospital ,chuka,medsuptchuka@gmail.com
Software Engineering,AlphaGrid Technologies,Eldoret,info.alphagridtechnologies@gmail.com
Software Engineering,AlphaGrid Technologies,Eldoret,info.alphagridtechnologies@gmail.com
Software Engineering,Techance Limited,"Ongata Rongai,Kajiado",info@techance.co.ke
Software Engineering,EBEREGE TEA FACTORY,KISII TOWN,info@eberege.ktdateas.com
information technology ,OLENGURUONE TEA FACTORY LIMITED,"Kiptagich ,Nakuru",info@olenguruone.ktdateas.com
Mathematics and Computer Science,RAM HOSPITAL,JOGOO ROAD,hospitalramkisii@gmail.com
information technology ,AGRO-CHEMICAL AND FOOD LIMITED COMPANY,MUHORONI-KISUMU,admin@acfc.co.ke
Software Engineering ,MARAGUA LEVEL IV HOSPITAL ,Murang'a ,maraguahospital@gmail.com
Software Engineering,Starshine Group LTD,ELDORET,starshinegroupltd@gmail.com
Software Engineering ,RIFT VALLEY INSTITUTE OF SCIENCE AND TECHNOLOGY,Nakuru,principal@rvist.ac.ke
Bsc in Mathematics and computer science,Catherine Gathee,Embu,info@embu.go.ke
Financial Engineering,"KCB, HQ ","Nairobi, KENCOM Hse.",contactcenter@kcbgroup.com
Software Engineering,Xtranet Communications,Nairobi,dancan.okeyo@xtranet.co.ke
Software Engineering ,Kirinyaga County Offices ,Kutus,kirinyagacounty2013@gmail.com
Software Engineering,Kilifi Referal Hospital,Kilifi,kilifimedicalcomplex@gmail.com
Computer Science ,Ministry of Lands Nairobi HQ,Nairobi ,Psland@ardhi.go.ke
Software Engineering ,KTC,Kitale,kitaletechnical19@gmail.com
Software Engineering,KABIYET ICT CENTRE,"KABIYET,NANDI",jeffcom100@gmail.com
Computer Science,EBEREGE TEA FACTORY,KISII TOWN,info@eberege.ktdateas.com
Mathematics and Computer Science ,Kenya Orient,Nairobi ,info@korient.co.ke
information technology ,NAIROBI CITY WATER AND SEWERAGE COMPANY LTD,NAIROBI,infor@nairobiwater.co.ke
information technology ,NATIONAL HOSPITAL INSURANCE FUND,Mwea(Ngurubani),mwea
information technology ,Embu County offices ,EMBU ,info@embu.go.ke
Software Engineering ,Deities technologies ,Nairobi ,John.mbuthia@deitiestech.com
Computer Science,Power Learn Project,"Lower Kabete, Nairobi",info@powerlearnproject.org
Mathematics and Computer Science,"HUDUMA, KERUGOYA ",KERUGOYA ,hudumakenyakirinyaga@gmail.com
Software Engineering ,Techance Limited,"Ongata Rongai,Kajiado",info@techance.co.ke
Software Enginnering,Godan Programme for Capacity Development,"Nairobi, Kenyatta University",comms@godan.info
information technology,Suba-Sub county hospital.,Homabay,Subadhmt@gmail.com
Mathematics and Computer Science,NGANDORI WATER & SANITITATION COMPANY LTD,Embu,ngandoriwater@yahoo.com
Software Engineering ,County Government of Migori ,Migori ,migoricountygov@gmail.com
Software Engineering,TEACH2GIVE,KUTUS,info@teach2give.com
COMPUTER SYSTEMS ENGINEERING,Frevane Hospital,Embu,info@frevanehospital.co.ke
Software engineering,Teach2give company,NYERI,teach2give@gmail.com
information technology ,MABATI ROLLING MILLS ,Thika,rollingmillsm@gmail.com
FINANCIAL ENGINEERING,KIMUNYE TEA FACTORY,KIMUNYE,info@kimunye.ktdateas.com
Statistics,NHIF THIKA,"THIKA,KIAMBU",info@nhif.or.ke
Statistics,KRA KERICHO BRANCH,KERICHO,callcenter@kra.go.ke
Software Engineering ,KTC,Kitale,kitaletechnical19@gmail.com
Computer Science,KENYATTA UNIVERSITY,KAHAWA,info@ku.ac.ke
Computer Science,Climate Wavers,Nairobi,climatewavers@gmail.com
Business information technology ,Kinoro Tea Factory Ltd,"Meru county, igoji West, Kinoro location ",info@ktdateas.com
Bsc.Software engineering,huduma centre baringo,kabarnet Baringo,cmhudumabaringo@gmail.com
Mathematics and Computer Science,THIWASCO,Thika,info@thikawater.co.ke
Computer Science,KERUGOYA COUNTY REFERRAL HOSPITAL,Kerugoya,kerugoyahospital@gmail.com
Statistics,KALRO,NAIVASHA,karinaivasha@gmail.com
information technology,Teach2give company,Nyeri,info@teach2give.com
Software Engineering,TEACH2GIVE,NYERI,info@teach2give.com
Software Engineering,Kijana Poa Enterprize Org.,Kitengela,kijanapoaenterprize@gmail.com
Software Engineering ,Nairobi City Water and Sewerage Company,Nairobi,info@nairobiwater.co.ke.
information technology,ICT AUTHORITY TURKANA COUNTY OFFICE ,lodwar,ictlodwar@gmail.com
Mathematics and Computer Science , ICT Fire Group,Thika,info@ictfire.com
Software Engineering,Rift Valley Training Institute,Nakuru,principal@rvist.ac.ke
Financial Engineering,KENYA POLICE DT SACCO NAIROBI ,Nairobi ,info@policesacco.com
Software Engineering ,WEBUYE COUNTY HOSPITAL,WEBUYE,webuyedistricthospital@yahoo.com
Computer Science,Elderman Labs,Bungoma,elderman.labs@gmail.com
Software Engineering ,Masyopnet Technologies,Kitui,support@masyopnet.com
information technology,AFRIKA GENERAL MERCHANTS,KIAMBU,afrikamerchants@gmal.com
Actuarial Science ,KIRINYAGA COUNTY CO-OPERATIVE UNION LTD ,KIRINYAGA ,info@kiricop.co.ke
Business information technology,THE NYERI NATIONAL POLYTECHNIC,NYERI,info@thenyeripoly.ac.ke
Mathematics and Computer Science,cotext expert,ruiru town,contentexpertagencies2019@hotmail.com
information technology,Gertrudes children hospital,"muthaiga,  kiambu",ugakuru@gerties.org
Software Engineering,TEACH2GIVE,KUTUS,info@teach2give.com
information technology ,Kapkatet ICT center ,Kapkatet ,kapkatetict.info@gmail.com
Statistics ,Ram Hospital,kisii,hospitalramkisii@gmail
Financial Engineering,Mabati rolling mills ,THIKA,rollingmillsm@gmail.com
Software Engineering,DANKYTECHS SOLTION,MATUU ,dankyteschs@gmail.com
Financial Engineering,Tausi Assurance Company Limited,"Westlands ,Nairobi",clients@tausiassurance.com
Software Engineering,Kitale T. College,Trans-Nzoia,kitaletechnical19@gmail.com
Mathematics and Computer Science,Quantam Nebula Limited,Nairobi,info.quantamnebula@gmail.com
Software Engineering,Kijana poa.,Kajiado,kijanapoaenterprize@gmail.com
Bsc in Mathematics and computer science,Stella wanyaga,Embu,info@embu.go.ke
Mathematics and Computer Science,National Hospital Insurance Fund,EMBU,embu@nhif.or.ke
Financial Engineering,BIASHARA FOSA ,"Mairo-inya , Nyahururu ",gracen@biasharasacco.co.ke
Software Engineering,Thales Software Solutions,,thalessolutions189@gmail.com
Software Engineering,Thales Software Solutions,Nakuru,thalessolutions189@gmail.com
Computer Science,TEACH2GIVE,nyeri,info@teach2give.com
Financial Engineering,Cosmopolitan Sacco,Molo,info@cosmopolitansacco.co.ke
Computer Science ,CBK Pension  Towers,Nairobi,support@ecitizen.go.ke
Computer Science,Gacharage Tea Factory CO LTD,Murang'a ,info@gacharage.ktdateas.com
 Actuarial Science,SOUTHERN STAR SACCO,chogoria town,info@sothernstar.co.ke
Computer Science,Thika Law Courts,KERUGOYA,kerugoyacourt@court.go.ke
Business information technology ,ministry of EAC Arid semi Arid lands and Regional Development ,Nairobi ,psasal2018@gmail.com/ps@asals.go.ke
Mathematics and Computer Science,NG-CDF NYARIBARI MASABA CONSTITUENCY ,KEROKA-MASIMBA,cdfnyaribarimasaba@ngcdf.go.ke
Software Engineering ,SHOFCO ,Nairobi ,info@shofco.org
information technology,BUNGOMA COUNTY REFFERAL HOSPITAL,BUNGOMA,bungomadhospital@yahoo.com
Acturial Science,Kirinyaga county government ,Kirinyaga ,info@kirinyaga.go.ke
Software Engineering ,AVSI Foundation ,"Lang'ata, Nairobi ",elvisondijo@gmail.com
 Actuarial Science,Mombasa county office; trade and revenue ,"Mombasa, Mvita, Bima towers ",trademombasa9@gmail.com
Software Engineering,Kijanapoa enterprize Org.,Kitengela,kijanapoaenterprize@gmail.com
Computer Science,Chuka county refferal hospital ,Chuka,medsuptchuka@gmail.com
Software Engineering,kirinyaga ,Kirinyaga ,info@teach2give
information technology ,Kagumo teachers' Training College,"gatitu,nyeri",info@kagumocollege.ac.ke
information technology,County Assembly of Nakuru,Nakuru,Wasegesward@gmail.com
information technology,Narok ICT Department,Narok,ronoline.Cheruiyot@icta.go.ke
Software Engineering,LISH LIMITED,NAKURU,info@lishailabs.com
Computer Science,FIDELITY SHIELD INSURANCE COMPANY,KISUMU ,lwanami@fidelityshield.com
Software Engineering ,Office of the Data Protection Commissioner ,"Britam Towers, Upperhill Nairobi ",info@odpc.go.ke
information technology,Moretouchy company,Kisii,info@muyog.org
information technology,kerugoya  County referral hospital,kerugoya,kerugoyahospital@gmail.com
Mathmatics and computer science,NCPB,Nairobi,infor@ncpb.co.ke
information technology,TechSavanna Company Limited,"Reliance Centre,Nairobi",info@techsavanna.technology
Software Engineering ,DIMKES SACCO,kiambu,info@dimkessacco.co.ke
Computer Science,NATIONAL SOCIAL SECURITY FUND ,Nairobi Westlands ,"nssf.westlands@nssfkenya.co.ke
"
Statistics ,COUNTY GOVERNMENT OF NYERI,NYERI,kilimonyeri@gmail.com
Software Engineering,Rift Valley Training Insitute ,Nakuru,principal@rvist.ac.ke
Computer System Engineering,kenya medical training collage ,Lugari ,lugari@kmtc.ac.ke
Mathematics and Computer Science,Mp-Shah Hospital,NAIROBI,info@mpshahhosp.org
Software Engineering,Kitale Technical College,Kitale,kitaletchnical19@gmail.com
Computer Science,MATHENGE TECHNICAL TRAINING INSTITUTE,OTHAYA ,info@mathengetti.ac.ke
Statistics,KRA KERICHO BRANCH,KERICHO,callcenter@kra.go.ke
Financial Engineering,County Government Of Kirinyaga,Kutus,kirinyagacounty2013@gmail.com
Software Engineering ,Kenya Forest service ,Nyandarua ,zmnyandarua@kenyaforestservice.org
information technology,National health insurance fund,kerogoya,kerogoya@nhif.or.ke
Mathematics and Computer Science ,County Government of Kirinyaga ,kutus,info@kirinyaga.go.ke::
Software Engineering,Sankhyana Consultancy Services,Nairobi,info@sankhyana.com
Mathematics and Computer Science,Avenue Hospital,Parklands,info@avenuehealthcare.com
Business information technology,TEACH2GIVE,Kutus,info@teach2give.com
Computer Science,Mutall Data Managers,Kajiado,info@dimkessacco.co.ke
Computer Science ,PCEA Nakuru West College ,Nakuru ,info@pceamedicalcollege.ac.ke 
Software Engineering ,Ngenx Solutions Limited,Nairobi ,info@ngenx.io
Software Engineering,THALES SOFTWARE SOLUTIONS,Nakuru,info@itea4.org
Software Engineering,Thales Software Solutions,,thalessolutions189@gmail.com
Software Engineering,Thales Software Solutions,,thalessolutions189@gmail.com
information technology,Nakuru level 5/6 Hospital ,Nakuru ,rvpghnakuru@yahoo.com
Financial Engineering,KENYA INSTITUTE OF SECURITY AND CRIMINAL JUSTICE ,"Nairobi , Hazina Towers ",info@kiscj.ac.ke
Software Engineering,TRIGAGA TEA FACTORY LTD,BOMET,"info@trigaga,ktdateas.com"
information technology ,ICT AUTHORITY ,"Nairobi CBD,Teleposter Towers 12th Floor",info@ict.go.ke
Statistics ,COUNTY GOVERNMENT OF KERICHO ,KERICHO ,info@kericho.go.ke
 Software Enginnering,TEACH2GIVE,Kutus,info@teach2give.com
Software Engineering,Craydel Kenya Limited ,Nairobi,info@craydel.com
Computer Science,Egerton University ,NAKURU Njoro,registrar.hca.@egerton.ac.ke
Software Engineering,TEACH2GIVE,nyeri,info@teach2give.com
Actuarial Science ,ELDOWAS,Eldoret ,eldowas@gmail.com
Software Engineering ,GATUNDU ICT CENTER ,"Gatundu,Kiambu",duncanmuthami92@gmail.com
information technology,MURANG'A UNIVERSITY OF TECHNOLOGY,MURANG'A TOWN,info@mut.ac.ke
Computer Science,FLAMINGO HORTICULTURE LIMITED ,Nanyuki ,info@flamingo.net
Computer Science,ICT AUTHORITY KITUI COUNTY OFFICE,KITUI (Kitui county commissioner's offices),info@icta.go.ke
Software Engineering,COUNTY GOVERMENT OF NAIROBI,NAIROBI,INFO@NAIROBI.CO.KE
Software Engineering,TEACH2GIVE ,Nyeri,info@teach2give.com
Software Engineering ,East African Portland Cement PLC,"Athi River, Machakos ",info@eapcc.co.ke
Software Engineering,zeno Computers,MOMBASA,zenocomputer254@gmail.com
information technology ,County government of uasin gishu,Eldoret ,Info@uasingishu.go.ke
Financial Engineering,  NDEGE CHAI SACCO,KERICHO,info@ndegechaisacco.com
Mathematics and Computer Science,Chepsirei technical and vocational college ,"Elgeyo marakwet ,kimwarer",chepsireitvc@gmail.com
SOFTWARE ENGINEERING,Kitale Technical College,Kitale,kitaletechnical19@gmail.com
Computer Science ,Joetech General Supplies Limited ,Nairobi,info@joetechltd.co.ke
Computer Science,JOETECH GENERAL SUPPLIES LIMITED ,Nairobi,info@joetechltd.co.ke
COMPUTER SYSTEMS ENGINEERING ,JUSNET BUSINESS INSTITUTE ,MALINDI,jusnetcollege@ymail.com
Mathematics and Computer Science ,muki sacco society ,ndunyu njeru ,info@muki sacco.co.ke
information technology ,ELDAMA RAVINE KAREN ROSES ,ELDAMA RAVINE ,Sales@karenroses.com
Computer Science ,kerugoya County referral hospital ,kerugoya ,kerugoyahospital@gmail.com
Computer Science ,kerugoya County referral hospital ,kerugoya ,kerugoyahospital@gmail.com
Software Engineering ,Kaptembwa Angaza,Nakuru,nuabutoleaon22@gmail.com
Financial Engineering,Ngo coordination board,Nairobi ,info@ngobureau.go.ke
Software Engineering,LINKSYSCOM MEDIA,MOLO,info@linksys.co.ke
Computer Science,NSSF THIKA,THIKA ,info@nssfkenya.co.ke
Software Engineering,Sankhyana Consultancy Services,Nairobi,info@sankhyana.com
Software Engineering,Teach2give,Nyeri,info@teach2give.com
Software Engineering ,Paveeria Tech Solutions ,Nyeri Town ,careers@paveeriatechsolutions.co.ke
Mathematics and Computer Science,KERUGOYA LAW COURT,KERUGOYA,kerugoyacourt@court.go.ke
Computer Science,Systems Reengineered,"Nairobi, Westlands",info@sysre.co.ke
COMPUTER SYSTEM ENGINEERING,TEACH2GIVE,NYERI,infor@teach2give.com
information technology ,county government of kirinyaga ,Kutus,info@kirinyaga.go.ke
Statistics ,"SAFRA DATA SCIENCE,NAIROBI",Nairobi, info@datascienceafrica.org
Computer Science,KERUGOYA COUNTY REFERRAL HOSPITAL,Kerugoya,kerugoyahospital@gmail.com
Financial Engineering,Simba Chai Sacco ,Kericho town,info@simbachaisacco.co.ke
Mathematics and Computer Science,Agricultural Finance Corporation ,Loitokitok,info@agrifinance.org
Satistics,National Social security Fund,Kerugoya,info@nssfkenya.co.ke
Mathematics and Computer Science,Context Expert Agencies ltd,"Ruiru, Kiambu",contentexpertagencies2019@hotmail.com
Mathematics and Computer Science,KEYMDEN SOLUTIONS,"Ngong-Lane plaza, Ngong-road",info@keymdensolutions.com
information technology ,KENYA PIPELINE COMPANY LIMITED (PS1 Changamwe Terminal),"Old Magongo Road,ChangamweMombasa",info@kpc.co.ke
Software Engineering,Zetech University,"Ruiru, Kiambu",info@zetech.ac.ke
Mathematics and Computer Science,National Hospital Insurance Fund,EMBU,embu@nhif.or.ke
Statistics ,national social security fund,"KAPENGURIA,west pokot ",info@nssfkenya.co.ke
Financial Engineering,KEMRI HQ,Nairobi ,corporateservices@kemri.go.ke
Software Engineer ,Impax Business Solutions ,Nairobi,info@impaxafrica.com
Software Engineering ,LIQUID TECH ,NAIROBI ,liquidinfo@liquidtelecom.com
ACTURIAL SCIENCE,WAKENYA PAMOJA SACCO,KISII,wpsacco@wakenyapamojasacco.com
Financial Engineering,APENIA Modern Banking for Africans,"Nairobi,Kenyatta University",infor@apenia.com
Statistics ,COUNTY GOVERNMENT OF MÛRANG'A ,Mûrang'a ,cdpomuranga@gmail.com
Software Engineering ,Kenya Port Authority ,Mombasa,ca@kpa.co.ke
Statistics ,County Government Of Kilifi ,Kilifi ,planning@kilifi.go.ke
Computer Science ,Wilmas Computers ,Kerugoya,wilmascomputers@gmail.com
Computer science ,Kenyatta university training research and referral hospital,Nairobi,Ict@kutrrh.goke.ke
Mathematics and Computer Science,VERITAS BOOKKEEPERS,NAIROBI-Westlands,info@veritasbookkeepers.com
 Financial Engineering ,County government of Laikipia,Nanyuki ,info@laikipia.go.ke
Software Engineering,Shield International ,Nairobi ,info@shieldintlorg.com
information technology ,Mwai Kibaki Hospital - KNH,OTHAYA,knhadmin@knh.or.ke
Software Engineering,NAKURU LEVEL 5 HOSPITAL (REFERRAL) ,NAKURU,rpghnakuru@yahoo.com
information technology, Teachers service commission,BOX 1 MAGADI/KAJIADO,Janetkoikai@gmail.com
Computer Science,Kiru Tea Factory,"Kiria-ini,Muranga",info@kiru.ktdateas.com
information technology,KCT Technical College,"Kibingoti,Kirinyaga",jmramah@gmail.com
Software Engineering ,ICT AUTHORITY KITUI COUNTY OFFICE,KITUI (Kitui county commissioner's offices),info@icta.go.ke
Actuarial Science ,ZENO COMPUTERS,MOMBASA,zenocomputer254@gmail.com
Software Engineering,TEACH2GIVE,NYERI,info@teach2give.com
Mathematics and Computer Science,EGERTON UNIVERSITY,"NAKURU, NJORO",registar.hca@egerton.ac.ke
Computer Science,TEACH2GIVE,Kutus,info@teach2give.com
Actuarial Science ,Zeno computers ,Mombasa ,Zeno computer 254@gmail.com
Financial Engineering,Ministry of interior and national Administration ,Nairobi,feedback@president.go.ke
Bsc in Computer Science,Agricultural Finance Corporation,Narok,afcloitokitok@agrifinance.org
Statistics,National Social Security Fund,Kerugoya ,info@nssfkenya.co.ke
Statistics STATISTICS ,COUNTY GOVERNMENT OF BUNGOMA ,Bungoma ,bungomacountygovt@gmail.com
Mathematics and Computer Science,ALEWAKI INVESTMENT LIMITED,KAGIO,info.alewaki@gmail.com
Actuarial Science, Zeno computers,Mombasa,Zenocomputers254@gmail.com
Software Engineering ,DOUBLE MECHARNTS GEN. COMPANY ,Murang'a ,doublemGen@gmail.com
Computer Science,KERUGOYA COUNTY REFERRAL HOSPITAL,Kerugoya,kerugoyahospital@gmail.com
information technology,COUNTY GOVERNMENT OF UASIN GISHU,ELDORET,info@uasingishu.go.ke
Computer Science ,Brackenhurst Conference and Retreat Centre,Kiambu,bookings@brackenhurst.com
Finantial Engineering ,Bulfam investment and meat suppliers limited,Nairobi ,bulfamsupliers@gmail.com
Business information technology ,NAIROBI CITY COUNTY ,NAIROBI,info@nairobi.go.ke
Mathematics and Computer Science,Cassini Degra Limited,Ruiru,info.cassinidegra@gmail.com
Software Engineering,County Government  of Kirinyaga,Kutus,info@kirinyaga.go.ke
Software Engineering ,Zeno computers,"NAIROBI, OLYMPIC ",contact @somoafrica.org
Computer System Engineering,SEROXIDE ENTERTAINMENT,"HOMA BAY, NYANZA",info@seroxideentertainment.co.ke
Acturial Science,ZENO COMPUTERS,MOMBASA,zenocomputer254@gmail.com
information technology,KALRO-NRI,Kakamega,kalronri@kalro.org
Financial Engineering,Rigoma school, Nyamira,rigomagirls@gmail.com
information technology ,Teach2give,Nyeri ,info@teach2give.com
information technology,KCT Technical College,"Kibingoti,Kirinyaga",jmramah@gmail.com
Mathematics and Computer Science,AMREC Consultants,Nairobi,info@amrecafrica.org
Acturial Science,AMREC Consultants,Nairobi,info@amrecafrica.org
Software Engineering ,PATNAS SACCO SOCIETY ,chebirbelek Bomet,info@patnassacco.co.ke
information technology ,Nanyuki Teaching and Referral Hospital ,Nanyuki,info@nanyukihospital.org.
Computer Science,Gully Net solutions ,"Kinoo,Kiambu",gullynet@gmail.com
information technology,Nakuru level 5/6 Hospital ,Nakuru,rvpghnakuru@yahoo.com
Financial Engineering,St Mary's Mision Hsp,Nakuru,elementaita@stmmh.co.ke
information technology ,Nanyuki teaching and referral hospital ,"Nanyuki,Laikipia",nanyukihospital@gmail.com
Mathematics and Computer Science,NATIONAL HEALTH INSURANCE FUND-KISII,KISII,kisii@nhif.or.ke
information technology,Teach2give,Kutus,info@teach2give.com
information technology,Zora Technologies,Nyandarua,zoratechnologies@gmail.com
Software Engineering,AlphaGrid Technologies,Eldoret,info.alphagridtechnologies@gmail.com
Software Engineering,AlphaGrid Technologies,Eldoret,info.alphagridtechnologies@gmail.com
Software Engineering,Kijana Poa Org.,Kitengela,kijanapoaenterprize@gmail.com
Computer Science,KALRO NAIVASHA,Naivasha,karinaivasha@gmail.com
Mathematics and Computer Science,West pokot Treasury and Economic Planning,Kapenguria,info@westpokot.go.ke
Software Engineering,Deloway Solutions,Nairobi ,hello@deloway.com
information technology ,Sidiana bank ,Kilimani Nairobi ,Talktous@sidianbank.co.ke
Mathematics and Computer Science ,AFS HOLDINGS LIMITED ,NAIROBI ,info@afsholdings.co.ke
Financial Engineering,WRA narok sub basin,Narok,wrmanarok@gmail.com
Statistics ,NATIONAL SOCIAL SECURITY FUND ,KAPENGURIA ,infor@nssfkenya.co.ke
information technology,"Ministry of water, sanitasion and irrigation","Maji house,upper hill, Nairobi ",ps@water.go.ke
Software Engineering ,Rift Valley Training Institute,Nakuru,principal@rvist.ac.ke
Software Engineering ,County Government of Uasin gishu ,Eldoret,countyhrm@uasingishu.go.ke
Computer Science,STRAIGHT UP MISSION,"MARA, NAROK",straightupmission@gmail.com
Mathematics and Computer Science ,Nakuru water and Sanitation company limited ,Nawasco Plaza Government road,info@nawasco.co.ke
Software Engineering,NAIROBI CITY COUNTY(CITY HALL ANEX),NAIROBI,INFO@NAIROBI.GO.KE
Financial Engineering,"KALRO,HQ",Nairobi ,info@kalro.org
information technology,AWS | TechAlpha,Nairobi,703360107
Mathematics and Computer Science,SOGUTU HQ TELEKOM,BUNGOMA,sogutuhqtelekom@gmail.com
Financial Engineering,FLAVIN VENTURES CO.LTD,NAIROBI/MERU,FLAVIN VENTURES SKE@GMAIL.COM
Mathematics and Computer Science ,COUNTY GOVERNMENT OF THARAKA-NITHI ,Kathwana ,info@tharakanithi.go.ke
Computer System Engineering,Nextgen NETWORKS ,Nairobi ,info@nextgenke.com
Financial Engineering,KENYA ELECTRICITY GENERATING COMPANY,NAIVASHA,pr@Kengen.co.ke
information technology,MKU Kitale Odel Centre,Kitale,info@eac.ac.ke
Software Engineering ,County commissioner's office Trans Nzoia ,Kitale ,info@ict.go.ke
Computer Science,Kagumo teachers' Training College,"gatitu,nyeri",info@kagumocollege.ac.ke
Statistics ,SAFRA DATA,Nairobi ,safraconsultke@gmail.com
Software Engineering,Maasai Mara University,Narok,info@mmarau.ac.ke
Statistics,SAFRA DATA,Nairobi ,safraconsultke@gmail.com
information technology,EWASCO EMBU,EMBU,info@embuwater.co.ke
Software Engineering,Naj Tracking Ltd,Nairobi Parklands-16 Mogotio Road,najtracking@gmail.com
Software Engineering,Kenya power and lighting company,Nairobi,kplc.co.ke
Computer Science,UNIVERSITY OF EMBU,EMBU,info@embuni.ac.ke
Software Engineering,Nakuru Training Institute,Nakuru,info@ntci.ac.ke
Software Engineering,Nairobi City County,Nairobi ,info@nairobi.go.ke
Software Engineering ,ELDAMA RAVINE KAREN ROSES ,ELDAMA RAVINE ,Sales@karenroses.com
Software Engineering ,Rift Valley Institute.,Nakuru,principal@rvist.ac.e
Mathematics and Computer Science,COUNTY GOVERNMENT OF BUNGOMA,BUNGOMA,bungomacountygvt@gmail.com
Electronics and Computer Engineering,Coast General Teaching & Referral hospital,MOMBASA,info@cpgh.go.ke
Software Engineering,NAROK COUNTY GOVERMENT,NAROK,administration@narok.go.ke
Software Engineering ,COUNTY GOVERNMENT OF NYERI,NYERI,kilimonyeri@gmail.com
 Computer System Engineering,CENTRIC LIMITED,PARKLANDS,info@centricltd.co.ke
Software Engineering,TEACH2GIVE,Nyeri,info@teach2give.com
Software Engineering,SOMO AFRICA ,"NAIROBI, OLYMPIC",contact@somoafrica.org
Software Engineering ,KTC,Kitale,kitaletechnical19@gmail.com
Mathematics and Computer Science,EGERTON UNIVERSITY,"NAKURU, NJORO",registar.hca@egerton.ac.ke
information technology,EWASCO EMBU,EMBU,info@embuwater.co.ke
Software Engineering,Teach2give,Kirinyaga,info@teach2give.com
information technology,Rudis Gadget World,ELDORET,rgroupeld@gmail.com
Financial Engineering,County Government of Nandi,Kapsabet ,info@nandi.go.ke
Computer Science,NYAMIRA COUNTY OFFICE HQ,NYAMIRA,info@nyamira.go.ke
information technology,Dynamic Mobility Technology,Nairobi,info@@dynamicmobility.co.ke
information technology,Thika Ministry of Education,Thika,educationthika@yahoo
information technology,Kijanapoa enterprize Org.,Kitengela,kijanapoaenterprize@gmail.com
information technology,Techlion,NAIROBI,info@techlion.co.ke
Computer Science,Tetu Aberdare Water & Sanitation Company LTD,NYERI,teawasco@gmail.com
Financial Engineering,LAIKIPIA EAST SUB-COUNTY TREASURY,Nanyuki,tkibobo@gmail.com
Software Enginnering,"Ministry of information,communication and the digital economy","Nairobi,CBD",info@information.go.ke
Software Engineering ,Kijanapoa enterprize Org.,Kitengela,kijanapoaenterprize@gmail.com
Computer System Engineering,KEFRI ,Kiambu,director@kefri.org
Computer Science,Ketech Solutions.,Nairobi,Ketechsolutions@gmail.com
Software Engineering,Meru Central Dairy,MERU,maziwa@merudairy.co.ke
information technology,Mwalimu National sacco ,upperhill Nairobi ,mwalimu@mwalimunational.coop
,,,
Statistics ,Nazareth Hospital ,Kiambu,ruirunazarethhospital@gmail.com
Software Engineering ,Nakuru referral hospital ,Nakuru ,rpghnakuru@yahoo.com
 Computer System Engineering,Clifford technologies Limited,"Parklands, Nairobi",info@clifford.co.ke
Computer Science ,THETA TEA FACTORY ,Kiganjo,info@theta.ktdateas.com
Statistics STATISTICS ,COUNTY GOVERNMENT OF BUNGOMA ,Bungoma ,bungomacountygovt@gmail.com
Statistics ,COUNTY GOVERNMENT OF MÛRANG'A ,Mûrang'a ,cdpomuranga@gmail.com
Software Engineering,COUNTY GOVERMENT OF NAIROBI,NAIROBI,INFO@NAIROBI.CO.KE
Mathematics and Computer Science,Agricultural Finance Corporation ,Loitokitok,info@agrifinance.org
Software Engineering,TEACH2GIVE,NYERI,info@teach2give.com
Software Engineering,TEACH2GIVE,NYERI,info@teach2give.com
Business information technology,THE NYERI NATIONAL POLYTECHNIC,,info@thenyeripoly.ac.ke
information technology,Tonycomm Internet Providers,NAKURU ,tonycommgroupltd@gmail.com
Actuarial Science ,Kirinyaga County Government ,Kirinyaga ,info@kirinyaga.go.ke
Software Engineering,TEACH2GIVE,Kirinyaga ,info@teach2give.com
Mathematics and Computer Science,   NCPB ,EMBU,info@ncpb.co.ke
information technology ,Thika technical training institute,Thika,thikatechnical@gmail.com
Mathematics and Computer Science, NCPB,EMBU,info@ncpb.co.ke
Mathematics and Computer Science,Mp-Shah Hospital,NAIROBI,info@mpshahhosp.org
Actuarial Science, Zeno computers,Nairobi,info@agilecloud.co.ke
Financial Engineering,REVENUE-COUNTY GOVERNMENT OF BUNGOMA ,SIRISIA -BUNGOMA ,bungomacountygvt@gmail.com
Software Engineering ,ANTKIM ENTERPRISES LTD ,Nairobi,antkimenterprises@gmail.com
Computer Science ,Alpha grid Technologies,Eldoret,info.alphagridtechnologies@gmail.com
Financial Engineering,KENYA ANIMAL GENETIC RESOURCES CENTER,Nairobi,info@kagric.co.ke
Actuarial Science ,Mathari hospital ,Muthaiga ,matharihospital@gmail.com
Actuarial Science ,TRANS NATIONAL TIMES SACCO LTD,Kitale ,info@tntsacco.co.ke 
Financial Engineering,NATIONAL SUB COUNTY TREASURY SOTIK,BOMET,treasury.sotik@gmail.com
Computer Science,National Health Inssurance Fund,Kerugoya,kerugoya@nhif.or.ke
Software Engineering,Nyandarua county government,OLKALOU,es@nyandarua.go.ke
Actuarial Science ,RUIRU NAZARETH HOSPITAL,RUIRU,ruirunazarethhospital@gmail.com
Software Engineering,POWER HUB CONSULTANT LIMITED,KIAMBU,info@powerhub.co.ke
information technology,Ruiru Nazareth Hospital,Ruiru,ruirunazarethhospital@gmail.com
Mathematics and Computer Science,Meru county government,Meru,merucounty@meru.go.ke
Mathematics and Computer Science,NG-CDF,Kirinyaga,cfkirinyagacentral@ngcdf.go.ke
Software Engineering,TEACH2GIVE,,Teach2give@gmail.com
Software Engineering,Christian Outreach Center,Thika,kingorimwangi237@gmail.com
Software Engineering,county government of kirinyaga ,kutus,info@kirinyaga.go.ke
Software Engineering ,Thales Software Solutions ,Nakuru,thalessolutions189@gmail.com
Software Engineering,Teach2give,Nyeri,info@teach2give.com
 Computer System Engineering,Clifford technologies limited,Nairobi,info@clifford.co.ke
Software Engineering ,University of Eldoret ,Eldoret ,info@uoeld.ac.ke
Mathematics and Computer Science ,Mukuru Referral Hospital ,Nairobi ,mukuruccc54@gmail.com
Business information technology ,COMPULYNX,Westlands,WWW.Compulynx.com
information technology,PROCOM NETWORKING SOLUTIONS LTD,NAIROBI,info@procom.net.co.ke
 Computer System Engineering,Masyopnet Technologies,kitui town,support@masyopnet.com
Mathematics and Computer Science,COUNTY GOVERNMENT OF WEST POKOT,KAPENGURIA,dome@gmail.com
Software Engineering ,Kega Limited ,kabete ,benjaminkivue@gmail.com
Computer Science ,county government of kitui ,kitui town,ict@kitui.go.ke
Business information technology ,Pivot Networks,Nairobi,frankline.kelvin@pivotnetworks.co.ke
Software Engineering,Upendo Electronics ltd,Nairobi branch,Bygrace2022shop@gmail.com
Software Engineering ,ikutha level 4 hospital ,"ikutha, kitui",Swambua00@gmail.com
Bsc in Mathematics and computer science,Eldoret water and sanitation company,Eldoret,info@eldowas.or.ke
Statistics ,Joy millers Limited,Kutus,admin@joymillerlimited.co.ke
Software Engineering ,Kijana Poa Org.,Kitengela,kijanapoaenterprize@gmail.com
Software Engineering ,Sanganti Tea Company ,Nyamira,info@sanganyi.ktdates.com
Computer Science,Agile Cloud ,Nairobi,info@agilecloud.co.ke
information technology ,Sidiana bank ,"Kitui Town, Kitui",support@masyopnet.com
 Computer Systems Engineering ,       KONZA TECHNOPOLIS,Nairobi ,konza@konza.go.ke
Software Engineering,THALES SOFTWARE SOLUTIONS,Nakuru,info@itea4.org
Software Engineering,POWERHUB CONSULTANT LIMITED,ruiru,info@powerhub.co.ke
Statistics ,NHIF Nakuru,Nakuru,nakuru@nhif.or.ke
Software Engineering ,county government of kirinyaga,kutus ,info@kirinyaga.go.ke
Statistics STATISTICS,COUNty government of kirinyaga,kutus ,info@kirinyaga.go.ke
Computer  Science ,Dina Web Developers,Nakuru,dinawebdevelopers@gmail.com 
Software Engineering,Upendo electronics ltd,Nairobi branch,Bygrace2022shop@gmail.com
Software Engineering ,Kenya forest services ,Nairobi,info@kenyaforestservices
Statistics statistics,KNBS,Nyeri,nyeri@knbs.or.ke
Software Engineering ,county government of Nakuru ,Nakuru,info@nakuru.go.ke
Software Engineering ,craydel kenya limited,Nairobi,info@craydel.com
Software Engineering ,Kerugoya County Referal Hospital,kerugoya,kerugoyahopital@gmail.com
information technology ,KIRINYAGA COUNTY OFFICE REVENUE COLLECTION ,"Kutus, Kerugoya",infor@kirinyaga.go.ke
Software Engineering,kirinyaga county headquarters,kerugoya,countycommissionerkirinyaga@gmail.com
Software Engineering,Rapsoltech consulting,Ruiru,rapsoltech254@gmail.com
Software engineering,Gully Net solutions,Kinoo,gullynet @gmail.com
Software Engineering ,county government nakuru,Nakuru ,info@nakuru.go.ke
Information  technology ,FILMTECH SYSTEMS ,NAIROBI ,filmtech systems @gmail.com 
Computer Science,Meru university -Meru town campus,Meru,towncampus@must.ac.ke
 mathematics and computer science ,Teach2Give ,Nyeri,info@teach2give.com
Bsc.Software Engineering,Maji.co.ke,NAIROBI ,info@maji.co.ke
information technology ,Mwea Software company,Mwea,mweasoftwarecompany@gmail.com
Computer Science,NHIF kerugoya,Kerugoya ,kerugoya@nhif.or.ke
Bsc in mathematics and computer science,Umeskia softawares,Kutus,info@umeskiasoftwares.com
mathematics and computer science,Umeskia softawares,Kutus,info@umeskiasoftwares.com
Computer Science,masyopnet Technologies,Kitui,support@masyopnet.com
Software Engineering,masyopnet Technologies,Kitui,support@masyopnet.com
information technology ,PRO. RESEARCH CO,Nairobi. Kutus ,Proresearch@gmail.com
Course Computer Science,Delmonte limited company,Thika,nanasi@delmonte.co.ke
information technology ,KINANGOP TECHNICAL AND VOCATIONAL COLLEGE,NJABINI,kinangoptvc@gmail.com
information technology,"PRP4+ GM8, Uthiru Nairobi",Nairobi,info@franciumsources.com
Software Engineering,"HUDUMA CENTER GPO, NAIROBI",NAIROBI,info@hudumakenya.go.ke
information technologyY,MURANG'A UNIVERSITY,MURANG'A,info@mut.ac.ke
Actuarial Science ,Britam Life Assurance ,Nairobi ,info@britam.com
Software Engineering,RIFT VALLEY INSTITUTE OF SCIENCE AND TECHNOLOGY,NAKURU,Principal@rvist.ac.ke
information technology,THIWASCO,THIKA,info@thikawater.co.ke
information technology,NYANGENA HOSPITAL LIMITED,KISII,info@nyangenahospital.com
information technology,Kenya Airport Authority,Nairobi,info@kaa.go.ke
information technology,EASY COMPUTER TRAINING COLLEGE,KISII,easycomp@gmail.com 
Computer Science ,IBM ,Nairobi,ibm.eu@skilluponline.com
information technology,MAJI.CO.KE,NAIROBI,info@maji.co.ke
Software Engineering,Starnet Solutions Limited,Ruai Nairobi,info@starnet.co.ke
information technology,COUNTY GOVERNMENT OF NYANDARUA,OLKALOU,info@nyandarua.go.ke
Computer Science,County Government of Kirinyaga,Kirinyaga,info@kirinyaga.go.ke
Software Engineering,Couty Government of Nakuru Department of Finance,Nakuru,psm@nakuru.go.e
Computer Science,Nyeri Water and Sanitation company limited ,Nyeri ,www.nyewasco.co.ke
Software Engineering ,county government of Nakuru ,Nakuru,info@nakuru.go.ke
Software Engineering ,craydel kenya limited,Nairobi,info@craydel.com
Software Engineering ,Kerugoya County Referal Hospital,kerugoya,kerugoyahopital@gmail.com
Software Engineering,kirinyaga county headquarters,kerugoya,countycommissionerkirinyaga@gmail.com
Software Engineering,Rapsoltech consulting,Ruiru,rapsoltech254@gmail.com
Software engineering,Gully Net solutions,Kinoo,gullynet @gmail.com
Software Engineering ,Ministry of ICT- ICT Authority West Pokot ,Kapenguria,daniel.odongo@icta.go.ke
information technology ,Biashara wakulima daily society limited ,Naivasha ,wambuikamaru824@gmail.com
Computer Science,UNITED STATES INTERNATIONAL UNIVERSITY ,NAIROBI ,helpdesk@usiu.ac.ke
Computer Science,KENVERSITY SACCO LTD,NAIROBI ,info.@kenversitysacco.co.ke
Business information technology ,National Social Security Fund ,Nakuru,info@nssfkenya.co.ke
information technology ,KIRINYAGA COUNTY OFFICE REVENUE COLLECTION ,Kerugoya,info@kirinyaga.go.ke
Business information technology,KENAFRIC  INDUSTRY ,NAIROBI,admin@kenafricind.com
Business and information technology,Cooperative bank ,Kutus,kutusbr@co-opbank.co.ke
Software Engineering,TEACH2GIVE,KUTUS,info@teach2give.com
SOFTWARE ENGINEERING,QUICK KOBIL SERVICES ORG,EMBU,quickkobilembu@yahoo.com
Mathematics & computer Science,COUNTY GOVERNMENT OF BOMET,BOMET,Gilbert.cheruiyot@bomet.go.ke
Computer Science,MURIRANJA HOSPITAL ,Muranga,hosymuri@yahoo.com
Financial Engineering ,NAIROBI CITY WATER AND SEWERAGE COMPANY LTD ,Nairobi ,@nairobiwater.co.ke
Financial Engineering ,MABATI ROLLING MILLS ,Thika,rollingmillsm@gmail.com
Mathematics and Computer Science,County Government of Embu,Embu,info@embu.go.ke
Computer Science,COUNTY GOVERNMENT OF NAKURU,Nakuru,info@nakuru.go.ke
Mathematics and Computer Science,COUNTY GOVERNMENT OF EMBU,Embu,info@embu.go.ke
Financial Engineering ,Gitugi Tea Factory Limited,Othaya,info@ktdateas.com
Actuarial Science ,MINET KENYA INSURANCE BROKERS LTD ,NAIROBI ,info@minet.co.ke
information technology,MURANG'A UNIVERSITY OF TECHNOLOGY,MURANG'A,info@mut.ac.ke
Business information technology ,UNIVERSITY OF EMBU,EMBU,dvc.paf@embuni.ac.ke
Business information technology ,Teach2give training program ,Nyeri,info@teach2give.com
Computer Science,LEETECH WORLD K LIMITED,Kitui,leetechworldklimited@gmail.com
information technology,KENYA AGRICULTURAL AND LIVESTOCK RESEARCH ORGANIZATION ,Kisumu, director.sri@kalro.org
SOFTWARE ENGINEERING,MOMONIAT COFFEE FARMERS CO-OPERATIVE SOCIETY,"Kericho,kipkelion",momcopsociety@gmail.com
Software Engineering,PREMIER BANK EASTLEIGH ONE - GARISSA LODGE BRANCH," Eastleigh,Nairobi",info.eastleighbranch@fcb.co.ke
Actuarial science ,KENYA TEA DEVELOPMENT AGENCY LIMITED ,Makindu,info.sonifixenergies.co.ke
Computer Science ,Sonifix Energy Company,Makindu,info.sonifixenergies.co.ke
Statistics ,KENYA AGRICULTURAL AND LIVESTOCK RESEARCH ORGANISATION,KABETE ,info@kalro.org
Computer Science,TEACH2GIVE ,KIRINYAGA UNIVERSITY ,info@teach2give.com
Computer Science,County government of kirinyaga ,Kutus,info@kirinyaga.go.ke
Bsc. Computer Systems Engineering,SEROXIDE ENTERTAINMENT,"Homa Bay, Nyanza",info@seroxideentertainment.co.ke
Computer Science,County government of Kirinyaga,,info@kirinyaga.go.ke
Computer Science,KTDA,Nyamira,Info@tombe.ktdateas.com
Mathematics and Computer Science,MINISTRY OF ROADS AND PUBLIC TRANSPORT,"Industrial area, Nairobi",cmte@mechanical.go.ke
Software Engineering,Gully Net Solutions,Kinoo,gullynet@gmail.com
information technology,EMBU LEVEL 5 HOSPITAL,EMBU,pghembu@gmail.com
information technology ,KE-900 Oseronyokie Child Development & Resource Centre ,"Ewuaso, Kajiado",ke900pomcoseronyokie@gmail.com
Bsc.business information technology,Environment and Land Court,"Thika, Kiambu ",thikaelc@gmail.com
Bcs.Computer Systems Engineering,KENYA COAST GUARD SERVICE,"Liwatoni, Mombasa",info@kcgs.go.ke
Computer Science,teach2give training ,,info@teach2give.com
Business information technology ,i-lab Africa ,Nairobi ,ilabafrica@strathmore.edu
information technology ,Xping Technologies LTD,"Kikuyu, Kiambu",@xpingtechnologies.com
Software Engineering ,Techkids Africa,Mombasa,techkidsafrica@gmail.com
Computer Science ,Kirinyaga county government ,"Kutus, Kirinyaga ",kirinyagacounty2013@gmail.com
Software Engineering,teach2give training ,"Kutus, Kirinyaga ",info@teach2give.com
Computer Science,Kapenguria County Refferal Hospital,"kapenguria,west pokot",kapenguria@yahoo.com
Business information technology ,PESAFY AFRICA,"KASARANI, NAIROBI ",pesafyafrica@gmail.com
Mathematics and Computer Science ,ICT fire and rescue ,"Thika,kiambu",info@ictfire.com
Bsc . Computer System Engineering ,Kinoo Gully Net Solution ,kinoo,gullynet@gmail.com
Computer Science,KEFRI COAST ECO-REGION ,"Gede,Kilifi",rdgede@kefri.org
information technology,CyberEdge Systems,Nairobi,info@cyberedgesystems.com
information technology,county government of Kirinyaga,Kutus,info@kirinyaga.go.ke
Computer Science,AGILE CLOUD LIMITED,NAIROBI ,info@agilecloud.co.ke
information technology,WAITHAKA V.T.C,NAIROBI,waithakatechicalcenter@gmail.com
information technology,EMBU LEVEL 5 HOSPITAL,EMBU,pgembu@gmai.com
BSC.SOFTWARE ENGINEERING,MATHIRA SUBCOUNTY REVENUE DEPARTMENT,KARATINA,mathiraeastsubcounty@gmail.com
BSC.SOFTWARE ENGINEERING,TEACH2GIVE,KUTUS,info@teach2give.com
Business information technology,HUDUMA CENTRE NYERI,NYERI,info@teach2give.com
BSC.financial engineering,county government of Kirinyaga,KUTUS,kirinyagacounty2013@gmail.com
information technology,TEACH2GIVE,KUTUS,info@teach2give.com
information technology,EMBU LEVEL 5 HOSPITAL,EMBU,pgembu@gmail.com
BSC IN ACTUARIAL SCIENCE,PLATINUM CREDIT LIMITED- RONGAI BRANCH,RONGAI,rongailbf@gmail.com
Actuarial Science,FIDELITY SHIELD INSURANCE ,NAKURU,nakuru@fidelityshield.com
Actuarial Science,Nile Capita insurance Brokerage,Nairobi,customer.care@nilecapotal.co.ke
Software Engineering ,RONGO UNIVERSITY ,MIGORY,egaa@rongovarsity.ac.ke
Actuarial Science ,Bricks insurance Agency limited ,Nairobi - Upperhill ,underwriting bricks@gmail.com
Computer Science ,Kerugoya County Referral Hospital ,kerugoya,kerugoyahopital@gmail.com
 Computer System Engineering ,County Government of Migori,Migori,migoricountygov@gmail.com
information technology,County assembly of nakuru,Nakuru,wasegesward@gmail.com
Computer Science ,Nyahururu County Referral Hospital,Nyahururu town,medsupnyahudh@gmail.com
Actuarial Science,County Assembly of kirinyaga,Kirinyaga,kirinyagacountyassembly@gmail.com
Actuarial Science,"MINISTRY OF YOUTHS AFFAIRS, CREATIVE ECONOMY AND SPORTS",Nairobi,wanjiku.12216@students.kyu.ac.ke
Bsc.Software Engineering,Techfinity Softwares,Ruiru,info@techfinitysoftwares.ac.ke
Computer Science ,MINISTRY OF LANDS NAIROBI ,NAIROBI ,pslands@ardhi.go.ke
information technology ,Tenwek Hospital ,Bomet,customer.experience@tenwekhosp.org
Actuarial Science,Ruiru Nazareth Hospital,Ruiru,ruirunazarethhospital@gmail.com
information technology,County assembly of nakuru,Nakuru,Wasegesward@gmail.com
Business information technology,Toror tea factory,Kericho,info@toror.ktdateas.com
Computer Science ,Twinnet Computer College,ENGINEER ,twinnetcybercenter@gmail.com
Mathematics and Computer Science ,TWINNET COMPUTER COLLEGE ,ENGINEER ,twinnetcybercenter@gmail.com
Computer Science,NSSF(NATIONAL SOCIAL SECURITY FUND),MAUA,info@nssfkenya.co.ke
Actuarial Science,PALMTIMES EXTRA SOLUTIONS LIMITED,NAIROBI,info@palmtimessolutions.com
Actuarial Science,  NDEGE CHAI SACCO,KERICHO,info@ndegechaisacco.com
information technology, Teachers service commission,BOX 1 MAGADI/KAJIADO,Janetkoikai@gmail.com
Actuarial Science, Zeno computers,Mombasa,Zenocomputers254@gmail.com
information technology ,African Airlines building (AFRAA BUILDING),"South C, Nairobi ",info@optimaxgroup.co.ke
information technology,AFRIKA GENERAL MERCHANTS,KIAMBU,afrikamerchants@gmal.com
Mathematics and Computer Science ,AFS HOLDINGS LIMITED ,NAIROBI ,info@afsholdings.co.ke
Bsc in Computer Science,Agricultural Finance Corporation,Narok,afcloitokitok@agrifinance.org
Mathematics and Computer Science,Agricultural Finance Corporation ,Loitokitok,info@agrifinance.org
Mathematics and Computer Science,ALEWAKI INVESTMENT LIMITED,KAGIO,info.alewaki@gmail.com
Financial Engineering,AMICA SAVINGS AND CREDIT LIMITED HQ,MURANG'A ,hello@amicacs.co.ke
Mathematics and Computer Science,AMREC Consultants,Nairobi,info@amrecafrica.org
Mathematics and Computer Science,AMREC Consultants,Nairobi,info@amrecafrica.org
PA101/G/11629/20,AMREC Consultants,Nairobi,info@amrecafrica.org
Financial Engineering,APENIA Modern Banking for Africans,"Nairobi,Kenyatta University",infor@apenia.com
Mathematics and Computer Science,Avenue Hospital,Parklands,info@avenuehealthcare.com
Software Engineering ,AVSI Foundation ,"Lang'ata, Nairobi ",elvisondijo@gmail.com
information technology,AWS | TechAlpha,Nairobi,703360107
Financial Engineering,BIASHARA FOSA ,"Mairo-inya , Nyahururu ",gracen@biasharasacco.co.ke
Computer Science ,Brackenhurst Conference and Retreat Centre,Kiambu,bookings@brackenhurst.com
BSc.Finantial Engineering ,Bulfam investment and meat suppliers limited,Nairobi ,bulfamsupliers@gmail.com
information technology,BUNGOMA COUNTY REFFERAL HOSPITAL,BUNGOMA,bungomadhospital@yahoo.com
Mathematics and Computer Science,Cassini Degra Limited,Ruiru,info.cassinidegra@gmail.com
 Actuarial Science,Pelican Auto Trading Limited,Nairobi,info@pelicanauto.co.ke
Bsc in Mathematics and computer science,Catherine Gathee,Embu,info@embu.go.ke
Computer Science ,CBK Pension  Towers,Nairobi,support@ecitizen.go.ke
Computer Science ,CBK Pension  Towers,Nairobi,support@ecitizen.go.ke
 Computer System Engineering,CENTRIC LIMITED,PARKLANDS,info@centricltd.co.ke
Mathematics and Computer Science,Chepsirei technical and vocational college ,"Elgeyo marakwet ,kimwarer",chepsireitvc@gmail.com
Computer Science,Chuka county refferal hospital ,Chuka,medsuptchuka@gmail.com
Bcs mathematics and computer science ,Chuka hospital ,chuka,medsuptchuka@gmail.com
Mathematics and Computer Science,Context Expert Agencies ltd,"Ruiru, Kiambu",contentexpertagencies2019@hotmail.com
Financial Engineering,Cosmopolitan Sacco,Molo,info@cosmopolitansacco.co.ke
Mathematics and Computer Science,cotext expert,ruiru town,contentexpertagencies2019@hotmail.com
information technology,JAMES MUITA,Nakuru,Wasegesward@gmail.com
Software Engineering ,County commissioner's office Trans Nzoia ,Kitale ,info@ict.go.ke
Software Engineering,COUNTY GOVERMENT OF KIRINYAGA,KIRINYAGA,info@kirinyaga.go.ke
Software Engineering,COUNTY GOVERMENT OF NAIROBI,NAIROBI,INFO@NAIROBI.CO.KE
Software Engineering,County Government  of Kirinyaga,Kutus,info@kirinyaga.go.ke
Mathematics and Computer Science,COUNTY GOVERNMENT OF BUNGOMA,BUNGOMA,bungomacountygvt@gmail.com
Statistics STATISTICS ,COUNTY GOVERNMENT OF BUNGOMA ,Bungoma ,bungomacountygovt@gmail.com
Statistics ,COUNTY GOVERNMENT OF KERICHO ,KERICHO ,info@kericho.go.ke
Statistics ,County Government Of Kilifi ,Kilifi ,planning@kilifi.go.ke
Financial Engineering,County Government Of Kirinyaga,Kutus,kirinyagacounty2013@gmail.com
BSc  Financial Engineering ,County Government of Kirinyaga ,Kutus ,kirinyagacounty2013@gmail.com 
BSc  information technology ,county government of kirinyaga ,Kutus,info@kirinyaga.go.ke
BSc  information technology ,county government of kirinyaga ,Kutus,info@kirinyaga.go.ke
Mathematics and Computer Science ,County Government of Kirinyaga ,kutus,info@kirinyaga.go.ke::
BSc  information technology ,county government of kirinyaga ,Kutus,info@kirinyaga.go.ke
PA109/G/14498/21,County government of Laikipia,Nanyuki ,info@laikipia.go.ke
Software Engineering ,County Government of Migori ,Migori ,migoricountygov@gmail.com
Statistics ,COUNTY GOVERNMENT OF MÛRANG'A ,Mûrang'a ,cdpomuranga@gmail.com
Financial Engineering,County Government of Nandi,Kapsabet ,info@nandi.go.ke
Statistics ,COUNTY GOVERNMENT OF NYERI,NYERI,kilimonyeri@gmail.com
Software Engineering ,COUNTY GOVERNMENT OF NYERI,NYERI,kilimonyeri@gmail.com
Mathematics and Computer Science ,COUNTY GOVERNMENT OF THARAKA-NITHI ,Kathwana ,info@tharakanithi.go.ke
information technology ,County government of uasin gishu,Eldoret ,Info@uasingishu.go.ke
information technology,COUNTY GOVERNMENT OF UASIN GISHU,ELDORET,info@uasingishu.go.ke
information technology ,County government of uasin gishu,Eldoret ,Info@uasingishu.go.ke
Statistics ,PZ CUSSONS,Nairobi ,General. Enquiries@pzcusson.com
Software Engineering ,County Government of Uasin gishu ,Eldoret,countyhrm@uasingishu.go.ke
Software Engineering,Craydel Kenya Limited ,Nairobi, info@craydel.com
Software Engineering,DANKYTECHS SOLTION,MATUU ,dankyteschs@gmail.com
information technology ,Dedan kimathi university of  technology ,Nyeri,info@dkut.ac.ke
Software Engineering ,Deities technologies ,Nairobi ,John.mbuthia@deitiestech.com
Software Engineering,Deloway Solutions,Nairobi ,hello@deloway.com
Software Engineering ,DIMKES SACCO,kiambu,info@dimkessacco.co.ke
Software Engineering ,DOUBLE MECHARNTS GEN. COMPANY ,Murang'a ,doublemGen@gmail.com
Software Engineering ,DOUBLE MECHARNTS GEN. COMPANY ,Murang'a ,doublemGen@gmail.com
PA106/G/15478/21,Dynamic Mobility Technology,Nairobi,info@@dynamicmobility.co.ke
Software Engineering ,East African Portland Cement PLC,"Athi River, Machakos ",info@eapcc.co.ke
Software Engineering,EBEREGE TEA FACTORY,KISII TOWN,info@eberege.ktdateas.com
Computer Science,EBEREGE TEA FACTORY,KISII TOWN,info@eberege.ktdateas.com
Mathematics and Computer Science,EGERTON UNIVERSITY,"NAKURU, NJORO",registar.hca@egerton.ac.ke
Mathematics and Computer Science,EGERTON UNIVERSITY,"NAKURU, NJORO",registar.hca@egerton.ac.ke
Computer Science,Egerton University ,NAKURU Njoro,registrar.hca.@egerton.ac.ke
Software Engineering ,ELDAMA RAVINE KAREN ROSES ,ELDAMA RAVINE ,Sales@karenroses.com
information technology ,ELDAMA RAVINE KAREN ROSES ,ELDAMA RAVINE ,Sales@karenroses.com
Computer Science,Elderman Labs,Bungoma,elderman.labs@gmail.com
Actuarial Science ,ELDOWAS,Eldoret ,eldowas@gmail.com
Actuarial Science ,ELDOWAS,Eldoret ,eldowas@gmail.com
information technology ,Embu County offices ,EMBU ,info@embu.go.ke
information technology,EWASCO EMBU,EMBU,info@embuwater.co.ke
Computer Science,FIDELITY SHIELD INSURANCE COMPANY,KISUMU ,lwanami@fidelityshield.com
Financial Engineering,FLAVIN VENTURES CO.LTD,NAIROBI/MERU,FLAVIN VENTURES SKE@GMAIL.COM
BSC IN COMPUTER SYSTEMS ENGINEERING,Frevane Hospital,Embu,info@frevanehospital.co.ke
Computer Science,Gacharage Tea Factory CO LTD,Murang'a ,info@gacharage.ktdateas.com
Computer Science,Gacharage Tea Factory CO LTD,Murang'a ,info@gacharage.ktdateas.com
Computer Science,Gacharage Tea Factory CO LTD,Murang'a ,info@gacharage.ktdateas.com
Software Engineering ,GATUNDU ICT CENTER ,"Gatundu,Kiambu",duncanmuthami92@gmail.com
information technology,Gertrudes children hospital,"muthaiga,  kiambu",ugakuru@gerties.org
Computer Science,GITHONGO TEA FACTORY,GITHONGO MERU,info@githongo.ktdateas.com
Computer Science,GITHONGO TEA FACTORY,GITHONGO MERU,info@githongo.ktdateas.com
Software Enginnering,Godan Programme for Capacity Development,"Nairobi, Kenyatta University",comms@godan.info
Computer Science,Gully Net solutions ,"Kinoo,Kiambu",gullynet@gmail.com
Bsc math and computer science ,Huduma Center kerugoya ,KERUGOYA ,hudumakenyakirinyaga@gmail.com
Bsc.Software engineering,huduma centre baringo,kabarnet Baringo,cmhudumabaringo@gmail.com
Mathematics and Computer Science,"HUDUMA, KERUGOYA ",KERUGOYA ,hudumakenyakirinyaga@gmail.com
information technology ,ICT AUTHORITY ,"Nairobi CBD,Teleposter Towers 12th Floor",info@ict.go.ke
Computer Science,ICT AUTHORITY KITUI COUNTY OFFICE,KITUI (Kitui county commissioner's offices),info@icta.go.ke
Software Engineering ,ICT AUTHORITY KITUI COUNTY OFFICE,KITUI (Kitui county commissioner's offices),info@icta.go.ke
information technology,ICT AUTHORITY TURKANA COUNTY OFFICE ,lodwar,ictlodwar@gmail.com
Mathematics and Computer Science,IMARISHA SACCO LIMITED BOMET,Bomet,Vincent.kirui@imarishasacco.co.ke
Bsc Software Engineer ,Impax Business Solutions ,Nairobi,info@impaxafrica.com
Computer Science ,Joetech General Supplies Limited ,Nairobi,info@joetechltd.co.ke
Computer Science,JOETECH GENERAL SUPPLIES LIMITED ,Nairobi,info@joetechltd.co.ke
BSC. COMPUTER SYSTEMS ENGINEERING ,JUSNET BUSINESS INSTITUTE ,MALINDI,jusnetcollege@ymail.com
Software Engineering,KABIYET ICT CENTRE,"KABIYET,NANDI",jeffcom100@gmail.com
information technology ,Kagumo teachers' Training College,"gatitu,nyeri",info@kagumocollege.ac.ke
Computer Science,Kagumo teachers' Training College,"gatitu,nyeri",info@kagumocollege.ac.ke
Statistics,KALRO,NAIVASHA,karinaivasha@gmail.com
Computer Science,KALRO NAIVASHA,Naivasha,karinaivasha@gmail.com
information technology,KALRO-NRI,Kakamega,kalronri@kalro.org
Financial Engineering,"KALRO,HQ",Nairobi ,info@kalro.org
information technology ,Kapkatet ICT center ,Kapkatet ,kapkatetict.info@gmail.com
Software Engineering ,Kaptembwa Angaza,Nakuru,nuabutoleaon22@gmail.com
Financial Engineering,"KCB, HQ ","Nairobi, KENCOM Hse.",contactcenter@kcbgroup.com
information technology,KCT Technical College,"Kibingoti,Kirinyaga",jmramah@gmail.com
information technology,KCT Technical College,"Kibingoti,Kirinyaga",jmramah@gmail.com
Computer System Engineering,KEFRI ,Kiambu,director@kefri.org
Financial Engineering,KEMRI HQ,Nairobi ,corporateservices@kemri.go.ke
Financial Engineering,KENYA ELECTRICITY GENERATING COMPANY,NAIVASHA,pr@Kengen.co.ke
Software Engineering ,Kenya Forest service ,Nyandarua ,zmnyandarua@kenyaforestservice.org
Financial Engineering,KENYA INSTITUTE OF SECURITY AND CRIMINAL JUSTICE ,"Nairobi , Hazina Towers ",info@kiscj.ac.ke
Computer System Engineering,kenya medical training collage ,Lugari ,lugari@kmtc.ac.ke
information technology ,KENYA PIPELINE COMPANY LIMITED (PS1 Changamwe Terminal),"Old Magongo Road,ChangamweMombasa",info@kpc.co.ke
Financial Engineering,KENYA POLICE DT SACCO NAIROBI ,Nairobi ,info@policesacco.com
Software Engineering ,Kenya Port Authority ,Mombasa,ca@kpa.co.ke
Software Engineering,Kenya power and lighting company,Nairobi,kplc.co.ke
Computer Science,KENYATTA UNIVERSITY,KAHAWA,info@ku.ac.ke
Computer Science,KENYATTA UNIVERSITY,KAHAWA,info@ku.ac.ke
Computer science ,Kenyatta university training research and referral hospital,Nairobi,Ict@kutrrh.goke.ke
information technology,kerugoya  County referral hospital,kerugoya,kerugoyahospital@gmail.com
information technology,kerugoya  County referral hospital,kerugoya,kerugoyahospital@gmail.com
Computer Science,KERUGOYA COUNTY REFERRAL HOSPITAL,Kerugoya,kerugoyahospital@gmail.com
Computer Science,KERUGOYA COUNTY REFERRAL HOSPITAL,Kerugoya,kerugoyahospital@gmail.com
Mathematics and Computer Science ,KERUGOYA COUNTY REFERRAL HOSPITAL,Kerugoya,kerugoyahospital@gmail.com
Computer Science ,kerugoya County referral hospital ,kerugoya ,kerugoyahospital@gmail.com
Computer Science ,kerugoya County referral hospital ,kerugoya ,kerugoyahospital@gmail.com
Mathematics and Computer Science,KERUGOYA LAW COURT,KERUGOYA,kerugoyacourt@court.go.ke
Computer Science,KERUGOYA LAW COURT,KERUGOYA,kerugoyacourt@court.go.ke
Computer Science,Ketech Solutions.,Nairobi,Ketechsolutions@gmail.com
Mathematics and Computer Science,KEYMDEN SOLUTIONS,"Ngong-Lane plaza, Ngong-road",info@keymdensolutions.com
Software Engineering,Kijanapoa enterprize Org.,Kitengela,kijanapoaenterprize@gmail.com
Software Engineering ,Kijanapoa enterprize Org.,Kitengela,kijanapoaenterprize@gmail.com
Software Engineering,Kijanapoa enterprize Org.,Kitengela,kijanapoaenterprize@gmail.com
Software Engineering,Kijanapoa enterprize Org.,Kitengela,kijanapoaenterprize@gmail.com
Software Engineering,Kilifi Referal Hospital,Kilifi,kilifimedicalcomplex@gmail.com
BSC.FINANCIAL ENGINEERING,KIMUNYE TEA FACTORY,KIMUNYE,info@kimunye.ktdateas.com
Business information technology ,Kinoro Tea Factory Ltd,"Meru county, igoji West, Kinoro location ",info@ktdateas.com
Software Engineering,kirinyaga ,Kirinyaga ,info@teach2give
Software Engineering,kirinyaga ,Kirinyaga ,info@teach2give
Actuarial Science ,KIRINYAGA COUNTY CO-OPERATIVE UNION LTD ,KIRINYAGA ,info@kiricop.co.ke
Actuarial Science ,KIRINYAGA COUNTY CO-OPERATIVE UNION LTD ,KIRINYAGA ,info@kiricop.co.ke
Actuarial Science ,KIRINYAGA COUNTY CO-OPERATIVE UNION LTD ,KIRINYAGA ,info@kiricop.co.ke
PA109/G/14526/21,Kirinyaga county government ,Kirinyaga ,info@kirinyaga.go.ke
PA102/G/12215/21,Kirinyaga County Government ,Kirinyaga ,info@kirinyaga.go.ke
Software Engineering ,Kirinyaga County Offices ,Kutus,kirinyagacounty2013@gmail.com
Computer Science,Kiru Tea Factory,"Kiria-ini,Muranga",info@kiru.ktdateas.com
Software Engineering,Kitale T. College,Trans-Nzoia,kitaletechnical19@gmail.com
BSC.SOFTWARE ENGINEERING,Kitale Technical College,Kitale,kitaletechnical19@gmail.com
Software Engineering,Kitale Technical College,Kitale,kitaletchnical19@gmail.com
Statistics,KRA KERICHO BRANCH,KERICHO,callcenter@kra.go.ke
Statistics,KRA KERICHO BRANCH,KERICHO,callcenter@kra.go.ke
Software Engineering ,KTC,Kitale,kitaletechnical19@gmail.com
Software Engineering ,KTC,Kitale,kitaletechnical19@gmail.com
Software Engineering ,KTC,Kitale,kitaletechnical19@gmail.com
Financial Engineering,LAIKIPIA EAST SUB-COUNTY TREASURY,Nanyuki,tkibobo@gmail.com
Software Engineering,LINKSYSCOM MEDIA,MOLO,info@linksys.co.ke
Software Engineering,LINKSYSCOM MEDIA,MOLO,info@linksys.co.ke
Software Engineering,LISH LIMITED,NAKURU,info@lishailabs.com
Software Engineering,Maasai Mara University,Narok,info@mmarau.ac.ke
Financial Engineering,Mabati rolling mills ,THIKA ,rollingmillsm@gmail.com
information technology ,MABATI ROLLING MILLS ,THIKA ,rollingmillsm@gmail.com
Software Engineering ,MARAGUA LEVEL IV HOSPITAL ,Murang'a ,maraguahospital@gmail.com
Computer Science,MATHENGE TECHNICAL TRAINING INSTITUTE,OTHAYA ,info@mathengetti.ac.ke
Software Engineering,Meru Central Dairy,MERU,maziwa@merudairy.co.ke
Business information technology ,ministry of EAC Arid semi Arid lands and Regional Development ,Nairobi ,psasal2018@gmail.com/ps@asals.go.ke
Software Enginnering,"Ministry of information,communication and the digital economy","Nairobi,CBD",info@information.go.ke
Financial Engineering,Ministry of interior and national Administration ,Nairobi,feedback@president.go.ke
Computer Science ,Ministry of Lands Nairobi HQ,Nairobi ,Psland@ardhi.go.ke
CT100/G/15877/22,"Ministry of water, sanitasion and irrigation","Maji house,upper hill, Nairobi ",ps@water.go.ke
information technology,MKU Kitale Odel Centre,Kitale,info@eac.ac.ke
Software Engineering ,Mogogosiek tea factory ,Mogogosiek ,info@ktdateas.com
 Actuarial Science,Mombasa county office; trade and revenue ,"Mombasa, Mvita, Bima towers ",trademombasa9@gmail.com
information technology,Moretouchy company,Kisii,info@muyog.org
Mathematics and Computer Science,Mp-Shah Hospital,NAIROBI,info@mpshahhosp.org
Mathematics and Computer Science ,muki sacco society ,ndunyu njeru ,info@muki sacco.co.ke
information technology,MURANG'A UNIVERSITY OF TECHNOLOGY,MURANG'A TOWN,info@mut.ac.ke
information technology,MURANG'A UNIVERSITY OF TECHNOLOGY,MURANG'A TOWN,info@mut.ac.ke
information technology,MURANG'A UNIVERSITY OF TECHNOLOGY,MURANG'A TOWN,info@mut.ac.ke
Computer Science,Mutall Data Managers,Kajiado,info@dimkessacco.co.ke
Computer Science,Muyong Technologies ,Kiambu,info@muyog.org
information technology ,Mwai Kibaki Hospital - KNH,OTHAYA,knhadmin@knh.or.ke
CT100/G/15907/22,Mwalimu National sacco ,upperhill Nairobi ,mwalimu@mwalimunational.coop
Software Engineering,Nairobi City County,Nairobi ,info@nairobi.go.ke
Business information technology ,NAIROBI CITY COUNTY ,NAIROBI,info@nairobi.go.ke
Software Engineering,NAIROBI CITY COUNTY(CITY HALL ANEX),NAIROBI,INFO@NAIROBI.GO.KE
Software Engineering ,Nairobi City Water and Sewerage Company,Nairobi,info@nairobiwater.co.ke.
information technology ,NAIROBI CITY WATER AND SEWERAGE COMPANY LTD,NAIROBI,infor@nairobiwater.co.ke
Software Engineering,Naj Tracking Ltd,Nairobi Parklands-16 Mogotio Road,najtracking@gmail.com
Software Engineering,NAKURU LEVEL 5 HOSPITAL (REFERRAL) ,NAKURU,rpghnakuru@yahoo.com
information technology,Nakuru level 5/6 Hospital ,Nakuru,rvpghnakuru@yahoo.com
information technology,Nakuru level 5/6 Hospital ,Nakuru ,rvpghnakuru@yahoo.com
Software Engineering,Nakuru Training Institute,Nakuru,info@ntci.ac.ke
Software Engineering,Nakuru Training Institute,Nakuru,info@ntci.ac.ke
information technology ,Nanyuki Teaching and Referral Hospital ,Nanyuki,info@nanyukihospital.org.
information technology ,Nanyuki teaching and referral hospital ,"Nanyuki,Laikipia",nanyukihospital@gmail.com
Software Engineering,NAROK COUNTY GOVERMENT,NAROK,administration@narok.go.ke
information technology,Narok ICT Department,Narok,ronoline.Cheruiyot@icta.go.ke
information technology,National health insurance fund,kerogoya,kerogoya@nhif.or.ke
Mathematics and Computer Science,NATIONAL HEALTH INSURANCE FUND-KISII,KISII,kisii@nhif.or.ke
Mathematics and Computer Science,National Hospital Insurance Fund,EMBU,embu@nhif.or.ke
Mathematics and Computer Science,National Hospital Insurance Fund,EMBU,embu@nhif.or.ke
Mathematics and Computer Science,National Hospital Insurance Fund,EMBU,embu@nhif.or.ke
Statistics,National Social Security Fund,Kerugoya ,info@nssfkenya.co.ke
Statistics ,national social security fund,"KAPENGURIA,west pokot ",info@nssfkenya.co.ke
Satistics,National Social security Fund,Kerugoya,info@nssfkenya.co.ke
Satistics,National Social security Fund,Kerugoya,info@nssfkenya.co.ke
Computer Science,NATIONAL SOCIAL SECURITY FUND ,Nairobi Westlands ,"nssf.westlands@nssfkenya.co.ke
"
Statistics ,NATIONAL SOCIAL SECURITY FUND ,KAPENGURIA ,infor@nssfkenya.co.ke
Mathmatics and computer science,NCPB,Nairobi,infor@ncpb.co.ke
Computer System Engineering,Nextgen NETWORKS ,Nairobi ,info@nextgenke.com
Mathematics and Computer Science,NG-CDF NYARIBARI MASABA CONSTITUENCY ,KEROKA-MASIMBA,cdfnyaribarimasaba@ngcdf.go.ke
Mathematics and Computer Science,NGANDORI WATER & SANITITATION COMPANY LTD,Embu,ngandoriwater@yahoo.com
Software Engineering ,Ngenx Solutions Limited,Nairobi ,info@ngenx.io
Financial Engineering,Ngo coordination board,Nairobi ,info@ngobureau.go.ke
Statistics,NHIF THIKA,"THIKA,KIAMBU",info@nhif.or.ke
Computer Science,NSSF THIKA,THIKA ,info@nssfkenya.co.ke
Computer Science,NYAMIRA COUNTY OFFICE HQ,NYAMIRA,info@nyamira.go.ke
Software Engineering ,Office of the Data Protection Commissioner ,"Britam Towers, Upperhill Nairobi ",info@odpc.go.ke
information technology ,OLENGURUONE TEA FACTORY LIMITED,"Kiptagich ,Nakuru",info@olenguruone.ktdateas.com
information technology ,OLENGURUONE TEA FACTORY LIMITED,"Kiptagich ,Nakuru",info@olenguruone.ktdateas.com
Software Engineering ,PATNAS SACCO SOCIETY ,chebirbelek Bomet,info@patnassacco.co.ke
Software Engineering ,Paveeria Tech Solutions ,Nyeri Town ,careers@paveeriatechsolutions.co.ke
Computer Science ,PCEA Nakuru West College ,Nakuru ,info@pceamedicalcollege.ac.ke 
Computer Science,Power Learn Project,"Lower Kabete, Nairobi",info@powerlearnproject.org
Mathematics and Computer Science,Quantam Nebula Limited,Nairobi,info.quantamnebula@gmail.com
Statistics ,Ram Hospital,kisii,hospitalramkisii@gmail
Mathematics and Computer Science,RAM HOSPITAL,JOGOO ROAD,hospitalramkisii@gmail.com
Software Engineering ,RIFT VALLEY INSTITUTE OF SCIENCE AND TECHNOLOGY,Nakuru,principal@rvist.ac.ke
Software Engineering ,Rift Valley Institute.,Nakuru,principal@rvist.ac.e
Software Engineering,Rift Valley Training Insitute ,Nakuru,principal@rvist.ac.ke
Software Engineering ,Rift Valley Training Institute,Nakuru,principal@rvist.ac.ke
Software Engineering,Rift Valley Training Institute,Nakuru,principal@rvist.ac.ke
Software Engineering,Rift Valley Training Institute,Nakuru,principal@rvist.ac.ke
Financial Engineering,Rigoma school, Nyamira,rigomagirls@gmail.com
information technology,Rudis Gadget World,ELDORET,rgroupeld@gmail.com
Statistics,SAFRA DATA,Nairobi ,safraconsultke@gmail.com
Statistics ,SAFRA DATA,Nairobi ,safraconsultke@gmail.com
Software Engineering,Sankhyana Consultancy Services,Nairobi,info@sankhyana.com
Software Engineering,Sankhyana Consultancy Services,Nairobi,info@sankhyana.com
Computer System Engineering,SEROXIDE ENTERTAINMENT,"HOMA BAY, NYANZA",info@seroxideentertainment.co.ke
Software Engineering ,SHOFCO ,Nairobi ,info@shofco.org
information technology,Kijanapoa enterprize Org.,Kitengela,kijanapoaenterprize@gmail.com
Software Engineering ,Kijanapoa enterprize Org.,Kitengela,kijanapoaenterprize@gmail.com
Software Engineering,Kijanapoa enterprize Org.,Kitengela,kijanapoaenterprize@gmail.com
information technology ,Sidiana bank ,Kilimani Nairobi ,Talktous@sidianbank.co.ke
Financial Engineering,Simba Chai Sacco ,Kericho town,info@simbachaisacco.co.ke
Mathematics and Computer Science,SOGUTU HQ TELEKOM,BUNGOMA,sogutuhqtelekom@gmail.com
Software Engineering,SOMO AFRICA ,"NAIROBI, OLYMPIC",contact@somoafrica.org
 Actuarial Science,SOUTHERN STAR SACCO,chogoria town,info@sothernstar.co.ke
Financial Engineering,St Mary's Mision Hsp,Nakuru,elementaita@stmmh.co.ke
Mathematics and Computer Science ,St Theresa dispensary ,Kitengela ,info@sttheresahealth.com
Software Engineering,Starshine Group LTD,ELDORET,starshinegroupltd@gmail.com
Mathematics and computer science,Stella wanyaga,Embu,info@embu.go.ke
Computer Science,STRAIGHT UP MISSION,"MARA, NAROK",straightupmission@gmail.com
information technology,Suba-Sub county hospital.,Homabay,Subadhmt@gmail.com
Computer Science,Systems Reengineered,"Nairobi, Westlands",info@sysre.co.ke
Financial Engineering,Tausi Assurance Company Limited,"Westlands ,Nairobi",clients@tausiassurance.com
information technology ,Teach2give,Nyeri ,info@teach2give.com
Software Engineering ,Techance Limited,"Ongata Rongai,Kajiado",info@techance.co.ke
information technology,Techlion,NAIROBI,info@techlion.co.ke
Software Engineering,Techsak Technologies,Ruiru Bypass ,samwel2030@gmail.com
information technology,TechSavanna Company Limited,"Reliance Centre,Nairobi",info@techsavanna.technology
Computer Science,Tetu Aberdare Water & Sanitation Company LTD,NYERI,teawasco@gmail.com
Software Engineering,THALES SOFTWARE SOLUTIONS,Nakuru,info@itea4.org
Software Engineering,Thales Software Solutions,Nakuru,thalessolutions189@gmail.com
Business information technology,THE NYERI NATIONAL POLYTECHNIC,NYERI,info@thenyeripoly.ac.ke
information technology,Thika Ministry of Education,Thika,educationthika@yahoo
Computer Science,Thika Technical Training Institute,Thika,info@thikatechnical.ac.ke
Computer Science,UNIVERSITY OF EMBU,EMBU,info@embuni.ac.ke
Mathematics and Computer Science,VERITAS BOOKKEEPERS,NAIROBI-Westlands,info@veritasbookkeepers.com
ACTURIAL SCIENCE,WAKENYA PAMOJA SACCO,KISII,wpsacco@wakenyapamojasacco.com
Compter Science,Wanaanga credit and savings cooperative,"Nairobi,Dagoretti Corner",waanga@yahoo.com
Software Engineering ,WEBUYE COUNTY HOSPITAL,WEBUYE,webuyedistricthospital@yahoo.com
Mathematics and Computer Science,West pokot Treasury and Economic Planning,Kapenguria,info@westpokot.go.ke
Computer Science ,Wilmas Computers ,Kerugoya,wilmascomputers@gmail.com
Financial Engineering,WRA narok sub basin,Narok,wrmanarok@gmail.com
Software Engineering,Xtranet Communications,Nairobi,dancan.okeyo@xtranet.co.ke
Software Engineering,zeno Computers,MOMBASA,zenocomputer254@gmail.com
information technology,Zora Technologies,Nyandarua,zoratechnologies@gmail.com
Software Engineering,Zetech University,Ruiru,info@zetech.ac.ke
Statistics ,Nazareth Hospital ,Kiambu,ruirunazarethhospital@gmail.com
Software Engineering ,Nakuru referral hospital ,Nakuru ,rpghnakuru@yahoo.com
 Computer System Engineering,Clifford technologies Limited,"Parklands, Nairobi",info@clifford.co.ke
Computer Science ,THETA TEA FACTORY ,Kiganjo,info@theta.ktdateas.com
Statistics ,COUNTY GOVERNMENT OF BUNGOMA ,Bungoma ,bungomacountygovt@gmail.com
Statistics ,COUNTY GOVERNMENT OF MÛRANG'A ,Mûrang'a ,cdpomuranga@gmail.com
Software Engineering,COUNTY GOVERMENT OF NAIROBI,NAIROBI,INFO@NAIROBI.CO.KE
Mathematics and Computer Science,Agricultural Finance Corporation ,Loitokitok,info@agrifinance.org
Software Engineering,TEACH2GIVE,NYERI,info@teach2give.com
Business information technology,THE NYERI NATIONAL POLYTECHNIC,,info@thenyeripoly.ac.ke
information technology,Tonycomm Internet Providers,NAKURU ,tonycommgroupltd@gmail.com
Actuarial Science ,Kirinyaga County Government ,Kirinyaga ,info@kirinyaga.go.ke
Mathematics and Computer Science,   NCPB ,EMBU,info@ncpb.co.ke
information technology ,Thika technical training institute,Thika,thikatechnical@gmail.com
Software Engineering ,Zeno computers,Timau town,info@timesusacco.co.ke
Actuarial Science, Zeno computers,Nairobi,info@agilecloud.co.ke
Financial Engineering,REVENUE-COUNTY GOVERNMENT OF BUNGOMA ,SIRISIA -BUNGOMA ,bungomacountygvt@gmail.com
Software Engineering ,ANTKIM ENTERPRISES LTD ,Nairobi,antkimenterprises@gmail.com
Financial Engineering,KENYA ANIMAL GENETIC RESOURCES CENTER,Nairobi,info@kagric.co.ke
information technology ,Mathari hospital ,Muthaiga ,matharihospital@gmail.com
Actuarial Science ,TRANS NATIONAL TIMES SACCO LTD,Kitale ,info@tntsacco.co.ke 
Financial Engineering,NATIONAL SUB COUNTY TREASURY SOTIK,BOMET,treasury.sotik@gmail.com
Computer Science,National Health Inssurance Fund,Kerugoya,kerugoya@nhif.or.ke
Software Engineering,Nyandarua county government,OLKALOU,es@nyandarua.go.ke
BSC. ACTURIAL  SCIENCE ,RUIRU NAZARETH HOSPITAL,RUIRU,ruirunazarethhospital@gmail.com
Software Engineering,POWER HUB CONSULTANT LIMITED,KIAMBU,info@powerhub.co.ke
ACTURIAL  SCIENCE,Ruiru Nazareth Hospital,Ruiru,ruirunazarethhospital@gmail.com
Mathematics and Computer Science,Meru county government,Meru,merucounty@meru.go.ke
Mathematics and Computer Science,NG-CDF,Kirinyaga,cfkirinyagacentral@ngcdf.go.ke
Software Engineering,Christian Outreach Center,Thika,kingorimwangi237@gmail.com
Software Engineering,county government of kirinyaga ,kutus,info@kirinyaga.go.ke
Software Engineering ,Thales Software Solutions ,Nakuru,thalessolutions189@gmail.com
Software Engineering,Teach2give,Nyeri,info@teach2give.com
 Computer System Engineering,Clifford technologies limited,Nairobi,info@clifford.co.ke
Software Engineering ,University of Eldoret ,Eldoret ,info@uoeld.ac.ke
Mathematics and Computer Science ,Mukuru Referral Hospital ,Nairobi ,mukuruccc54@gmail.com
Business information technology ,COMPULYNX,Westlands,WWW.Compulynx.com
information technology,PROCOM NETWORKING SOLUTIONS LTD,NAIROBI,info@procom.net.co.ke
Mathematics and Computer Science,COUNTY GOVERNMENT OF WEST POKOT,KAPENGURIA,dome@gmail.com
Software Engineering ,Kega Limited ,kabete ,benjaminkivue@gmail.com
Computer Science ,county government of kitui ,kitui town,ict@kitui.go.ke
Business information technology ,Pivot Networks,Nairobi,frankline.kelvin@pivotnetworks.co.ke
Software Engineering,Upendo Electronics ltd,Nairobi branch,Bygrace2022shop@gmail.com
Software Engineering ,ikutha level 4 hospital ,"ikutha, kitui",Swambua00@gmail.com
 Mathematics and computer science,Eldoret water and sanitation company,Eldoret,info@eldowas.or.ke
Statistics ,Joy millers Limited,Kutus,admin@joymillerlimited.co.ke
Software Engineering ,Kijana Poa Org.,Kitengela,kijanapoaenterprize@gmail.com
Software Engineering ,Sanganti Tea Company ,Nyamira,info@sanganyi.ktdates.com
Computer Science,Agile Cloud ,Nairobi,info@agilecloud.co.ke
information technology ,Sidiana bank ,"Kitui Town, Kitui",support@masyopnet.com
Computer Systems Engineering ,       KONZA TECHNOPOLIS,Nairobi ,konza@konza.go.ke
Software Engineering,THALES SOFTWARE SOLUTIONS,Nakuru,info@itea4.org
Software Engineering,POWERHUB CONSULTANT LIMITED,ruiru,info@powerhub.co.ke
Statistics ,NHIF Nakuru,Nakuru,nakuru@nhif.or.ke
Bsc  Computer  Science ,Dina Web Developers,Nakuru,dinawebdevelopers@gmail.com 
Software Engineering,Upendo electronics ltd,Nairobi branch,Bygrace2022shop@gmail.com
Software Engineering ,Kenya forest services ,Nairobi,info@kenyaforestservices
Statistics statistics,KNBS,Nyeri,nyeri@knbs.or.ke
Software Engineering ,county government of Nakuru ,Nakuru,info@nakuru.go.ke
Software Engineering ,craydel kenya limited,Nairobi,info@craydel.com
Computer Science,SALIM ENTERPRISES,KERUGOYA,nyaga@gmail.com
Software Engineering,kirinyaga county headquarters,kerugoya,countycommissionerkirinyaga@gmail.com
Software Engineering,Rapsoltech consulting,Ruiru,rapsoltech254@gmail.com
Software engineering,Gully Net solutions,Kinoo,gullynet @gmail.com
Software Engineering ,county government nakuru,Nakuru ,info@nakuru.go.ke
Information  technology ,FILMTECH SYSTEMS ,NAIROBI ,filmtech systems @gmail.com 
Computer Science,Meru university -Meru town campus,Meru,towncampus@must.ac.ke
mathematics and computer science ,Teach2Give ,Nyeri,info@teach2give.com
Software Engineering,Maji.co.ke,NAIROBI ,info@maji.co.ke
information technology ,Mwea Software company,Mwea,mweasoftwarecompany@gmail.com
Computer Science,NHIF kerugoya,Kerugoya ,kerugoya@nhif.or.ke
mathematics and computer science,Umeskia softawares,Kutus,info@umeskiasoftwares.com
mathematics and computer science,Umeskia softawares,Kutus,info@umeskiasoftwares.com
Computer Science,masyopnet Technologies,Kitui,support@masyopnet.com
Software Engineering,masyopnet Technologies,Kitui,support@masyopnet.com
information technology ,PRO. RESEARCH CO,Nairobi. Kutus ,Proresearch@gmail.com
Course Computer Science,Delmonte limited company,Thika,nanasi@delmonte.co.ke
information technology ,KINANGOP TECHNICAL AND VOCATIONAL COLLEGE,NJABINI,kinangoptvc@gmail.com
information technology,"PRP4+ GM8, Uthiru Nairobi",Nairobi,info@franciumsources.com
Software Engineering,"HUDUMA CENTER GPO, NAIROBI",NAIROBI,info@hudumakenya.go.ke
information technology,MURANG'A UNIVERSITY,MURANG'A,info@mut.ac.ke
Actuarial Science,Britam Life Assurance ,Nairobi ,info@britam.com
Software Engineering,RIFT VALLEY INSTITUTE OF SCIENCE AND TECHNOLOGY,NAKURU,Principal@rvist.ac.ke
information technology,THIWASCO,THIKA,info@thikawater.co.ke
information technology,NYANGENA HOSPITAL LIMITED,KISII,info@nyangenahospital.com
information technology,Kenya Airport Authority,Nairobi,info@kaa.go.ke
information technology,EASY COMPUTER TRAINING COLLEGE,KISII,easycomp@gmail.com 
information technology,MAJI.CO.KE,NAIROBI,info@maji.co.ke
Software Engineering,Starnet Solutions Limited,Ruai Nairobi,info@starnet.co.ke
information technology,COUNTY GOVERNMENT OF NYANDARUA,OLKALOU,info@nyandarua.go.ke
Computer Science,County Government of Kirinyaga,Kirinyaga,info@kirinyaga.go.ke
Software Engineering,Couty Government of Nakuru Department of Finance,Nakuru,psm@nakuru.go.e
Computer Science,Nyeri Water and Sanitation company limited ,Nyeri ,www.nyewasco.co.ke
Software Engineering ,county government of Nakuru ,Nakuru,info@nakuru.go.ke
Software Engineering ,craydel kenya limited,Nairobi,info@craydel.com
Software Engineering ,Kerugoya County Referal Hospital,kerugoya,kerugoyahopital@gmail.com
Software Engineering,kirinyaga county headquarters,kerugoya,countycommissionerkirinyaga@gmail.com
Software Engineering,Rapsoltech consulting,Ruiru,rapsoltech254@gmail.com
Software engineering,Gully Net solutions,Kinoo,gullynet @gmail.com
Software Engineering ,Ministry of ICT- ICT Authority West Pokot ,Kapenguria,daniel.odongo@icta.go.ke
information technology ,Biashara wakulima daily society limited ,Naivasha ,wambuikamaru824@gmail.com
Computer Science,UNITED STATES INTERNATIONAL UNIVERSITY ,NAIROBI ,helpdesk@usiu.ac.ke
Computer Science,KENVERSITY SACCO LTD,NAIROBI ,info.@kenversitysacco.co.ke
Business information technology ,National Social Security Fund ,Nakuru,info@nssfkenya.co.ke
information technology ,KIRINYAGA COUNTY OFFICE REVENUE COLLECTION ,Kerugoya,info@kirinyaga.go.ke
 BUSINESS information technology,KENAFRIC  INDUSTRY ,NAIROBI,admin@kenafricind.com
Software Engineering,TEACH2GIVE,KUTUS,info@teach2give.com
SOFTWARE ENGINEERING,QUICK KOBIL SERVICES ORG,EMBU,quickkobilembu@yahoo.com
Mathematics & computer Science,COUNTY GOVERNMENT OF BOMET,BOMET,Gilbert.cheruiyot@bomet.go.ke
Financial Engineering ,NAIROBI CITY WATER AND SEWERAGE COMPANY LTD @ ,Nairobi ,@nairobiwater.co.ke
Financial Engineering ,MABATI ROLLING MILLS ,Nairobi ,rollingmillsm@gmail.com
Mathematics and Computer Science,County Government of Embu,Embu,info@embu.go.ke
Computer Science,COUNTY GOVERNMENT OF NAKURU,Nakuru,info@nakuru.go.ke
Mathematics and Computer Science,COUNTY GOVERNMENT OF EMBU,Embu,info@embu.go.ke
Financial Engineering ,Gitugi Tea Factory Limited,Othaya,info@ktdateas.com
Actuarial Science ,MINET KENYA INSURANCE BROKERS LTD ,NAIROBI ,info@minet.co.ke
information technology,MURANG'A UNIVERSITY OF TECHNOLOGY,MURANG'A,info@mut.ac.ke
Business information technology ,UNIVERSITY OF EMBU,EMBU,dvc.paf@embuni.ac.ke
Business information technology ,Teach2give training program ,Nyeri,info@teach2give.com
Computer Science,LEETECH WORLD K LIMITED,Kitui,leetechworldklimited@gmail.com
information technology,KENYA AGRICULTURAL AND LIVESTOCK RESEARCH ORGANIZATION ,Kisumu,: director.sri@kalro.org
SOFTWARE ENGINEERING,MOMONIAT COFFEE FARMERS CO-OPERATIVE SOCIETY,"Kericho,kipkelion",momcopsociety@gmail.com
Software Engineering,PREMIER BANK EASTLEIGH ONE - GARISSA LODGE BRANCH," Eastleigh,Nairobi",info.eastleighbranch@fcb.co.ke
Statistics ,KENYA AGRICULTURAL AND LIVESTOCK RESEARCH ORGANISATION,KABETE ,info@kalro.org
Computer Science,County government of kirinyaga ,Kutus,info@kirinyaga.go.ke
Computer Systems Engineering,SEROXIDE ENTERTAINMENT,"Homa Bay, Nyanza",info@seroxideentertainment.co.ke
Computer Science,County government of Kirinyaga,,info@kirinyaga.go.ke
Computer Science,KTDA,Nyamira,Info@tombe.ktdateas.com
Mathematics and Computer Science,MINISTRY OF ROADS AND PUBLIC TRANSPORT,"Industrial area, Nairobi",cmte@mechanical.go.ke
Software Engineering,Gully Net Solutions,Kinoo,gullynet@gmail.com
information technology,EMBU LEVEL 5 HOSPITAL,EMBU,pghembu@gmail.com
information technology ,KE-900 Oseronyokie Child Development & Resource Centre ,"Ewuaso, Kajiado",ke900pomcoseronyokie@gmail.com
business information technology,Environment and Land Court,"Thika, Kiambu ",thikaelc@gmail.com
Computer Systems Engineering,KENYA MARITIME AUTHORITY,Mombasa,info@kma.go.ke
Business information technology ,i-lab Africa ,Nairobi ,ilabafrica@strathmore.edu
information technology ,Xping Technologies LTD,"Kikuyu, Kiambu",@xpingtechnologies.com
Software Engineering ,Techkids Africa,Mombasa,techkidsafrica@gmail.com
Computer Science,Kapenguria County Refferal Hospital,"kapenguria,west pokot",kapenguria@yahoo.com
Mathematics and Computer Science ,ICT fire and rescue ,"Thika,kiambu",info@ictfire.com
Computer System Engineering ,Kinoo Gully Net Solution ,kinoo,gullynet@gmail.com
Computer Science,KEFRI COAST ECO-REGION ,"Gede,Kilifi",rdgede@kefri.org
information technology,CyberEdge Systems,Nairobi,info@cyberedgesystems.com
information technology,county government of Kirinyaga,Kutus,info@kirinyaga.go.ke
Computer Science,AGILE CLOUD LIMITED,NAIROBI ,info@agilecloud.co.ke
information technology,WAITHAKA V.T.C,NAIROBI,waithakatechicalcenter@gmail.com
information technology,EMBU LEVEL 5 HOSPITAL,EMBU,pgembu@gmai.com
Software Engineering,Delian Consultancy,kericho,infodeliyan@gmail.com
information technology,EMBU LEVEL 5 HOSPITAL,EMBU,pgembu@gmail.com
ACTUARIAL SCIENCE,PLATINUM CREDIT LIMITED- RONGAI BRANCH,RONGAI,rongailbf@gmail.com
Actuarial Science,FIDELITY SHIELD INSURANCE ,NAKURU,nakuru@fidelityshield.com
Business information technology ,KU referral ,Nairobi ,customercare@kutrrh.go.ke
Actuarial Science,Nile Capita insurance Brokerage,Nairobi,customer.care@nilecapotal.co.ke
Software Engineering ,RONGO UNIVERSITY ,MIGORY,egaa@rongovarsity.ac.ke
Actuarial Science ,Bricks insurance Agency limited ,Nairobi - Upperhill ,underwriting bricks@gmail.com
Statistics,K.N.B.S,Kerugoya,info@knbs.or.ke
information technology,County Assembly of Nakuru,Nakuru,Wasegesward@gmail.com
information technology ,Tenwek Hospital ,Bomet,customer.experience@tenwekhosp.org
Actuarial Science ,Tower Sacco,Nakuru,info@towersacco.co.ke
Actuarial Science,PALMTIMES EXTRA SOLUTIONS LIMITED,NAIROBI,info@palmtimessolutions.com
Business information technology,A-PLUS MOTORS LTD,NAIROBI,info@aplusmotors.biz
Actuarial Science,Meru Central Dairy Co-operative Union Ltd,MERU,Merucentralmaziwa@gmail.com
information technology ,NDWIGA ELECTRONICS ,EMBU, ndwigaelectronics@gmail.com
Business information technology ,"Ministry of Investment ,trading and industry",NAIROBI,ps@trade.go.ke
Software Engineering,OPEN UNIVERSITY OF kENYA,MACHAKOS,info@ouk.ac.ke
Statistics ,TEBESONIK TEA FACTORY,Kericho,info@tebesonik.ktdateas.com
Statistics,KENYA NATIONAL BUREAU OF STATISTICS,NAIROBI,info@knbs.or.ke
Actuarial Science ,Meru Central Dairy Co-operative Union Ltd,MERU,Merucentralmaziwa@gmail.com
Statistics,county government of Siaya,Siaya,info@siaya.com
information technology,KAPSABET COUNTY REFFERAL HOSPITAL,KAPSABET,info@nandi.go.ke
Actuarial Science ,pro research co ltd ,Nairobi,proresearch@gmail.com
Software Engineering ,CRYSTAL TECHNOLOGY ,NAIROBI,crystal technologies@gmail.com
Business information technology,EWASCO,Embu,info@embuwater.co.ke
Actuarial Science,Thales software software ,Nakuru,thalessolutions189@gmail.com
Actuarial Science,COUNTY GOVERNMENT OF EMBU,EMBU,csembucounty@gmail.com
Software Engineering ,COUNTY GOVERNMENT OF KERICHO ,KERICHO,info@kericho.go.ke
Software Engineering ,MasyopNET Technologies,Kitui,support@masyopnet.com
ACTURIAL SCIENCE,KAPKATET TEA FACTORY,"Litein , KERICHO",info@kapkatet.ktdateas.com
Software Engineering ,Shield International ,Nairobi ,info@shieldintlorg.com
Actuarial Science,Meru Dairy Cooperative union LTD,Meru,maziwa@merudairy.co.ke
Actuarial Science ,Directline assurance co ltd,kiambu,"
ababioinsuranceagency@gmail.com"
information technology,NDWIGA ELECTRONICS ,EMBU,ndwigaelectronics@gmail.com
Statistics STATISTICS ,NSSF headquarters Nairobi,Nairobi ,info@nssfkenya.co.ke
Software Engineering ,Kisii training and referral hospital ,kisii ,info@ktrh.go.ke
Computer Science ,Maritons Ventures Lmt,Thika,maritonsventuresltd@gmail.com
Business information technology ,County Government Of Makueni ,Makueni ,info@makueni.go.ke
Actuarial Science,County Assembly of kirinyaga,Kirinyaga,kirinyagacountyassembly@gmail.com
Computer Science ,Twinnet Computer College ,ENGINEER ,twinnetcybercenter@gmail.com
information technology,JKUAT Industrial park,Juja,nitp@jkuat.ac.ke
Financial Engineering,Kenya Industrial Research and Development Institute ,Nairobi ,directorgeneral@kirdi.go.ke
Software Engineering ,County government of nakuru ,Nakuru,Info@nakuru.go.ke
Statistics,Tegat tea factory ,kericho,info@ktdateas.com
information technology,K.C.R.H,kerugoya,kerugoyahospital@gmail.com
Statistics,NHIF,Nairobi,info@nhif.or.ke
information technology ,Kapkatet ICT center ,Kapkatet ,kapkatetict.info@gmail.com
Computer Science ,NETRIX BUSINESS SYSTEMS LTD,"Emmark court, Parkland Rd, Nairobi",info@netrixbiz.com
Computer Science,ECLOF Kenya,Kakamega,admin@eclof.com
Computer Science,REREC,Nairobi - South C,info@rerec.co.ke
Computer Science,ECLOF Kenya,Kakamega,admin@eclof.com
Statistics  ,AIC Githumu Mission Hospital ,Kangari-Githumu,info.githumuhospital@gmail.com
information technology,Adrian Kenya Limited,Gitaru,info@adriankenya.com
Statistics,NSSF,Westlands ,info@nssfkenya.co.ke
Statistics,TSC ,Ndalu Bungoma county,sjbinyenyasecsh@gmail.com
information technology,plp organisation,Nairobi,info@powerlearnproject.org
Computer Science,Hope Women With Disability - CBO (HOWID),Kisumu,
Computer Science,KIRINYAGA INSTITUTE OF PROFESSIONAL STUDIES (kips),KERUGOYA,kipscollege@gmail.com
Software engineering,ROSIN INSURANCE AGENCY,NYAHURURU,rwmurage@gmail.com
Mathematics and Computer Science, TIMES U SACCO,Timau town, info@timesusacco.co.ke
 Business information technology ,Patech Computer Training Center,Gilgil-kiambogo,patechcomputers@gmail.com
Business information technology ,Nakuru Water and Sanitation Company ,Nawasco Plaza Government Road,info@nawasco.co.ke
Computer Science,Chekip company,kutus town,chekip678@gmail.com
Software Engineering,Stegro Sacco Ltd,Merigi Town,sotsacco@yahoo.com
Actuarial Science,WATER WORKS KAKAMEGA  KACWASCO,Nairobi -Yaya,info@britam.com
Actuarial Science,AMICA SACCO LIMITED,MURANG'A - KIGUMO,hello@amicacs.co.ke
Software Engineering ,ONFON Media Limited ,"Mombasa Road, Nairobi Ke",info@onfonmedia.com
Computer Science ,KIRINYAGA COUNTY OFFICES,KUTUS,kirinyagacounty2013@gmail.com
Software  Engineering ,Colour crops Bahati,Nakuru,kipkurui89@gmail.com
Software  Engineering ,Colour crops Bahati,Nakuru,kipkurui89@gmail.com.
Software Engineering,TEACH2GIVE,NYERI,INFO@TEACH2GIVE.COM
Software Engineering,TEACH2GIVE,NYERI,INFO@TEACH2GIVE.COM
Computer Science ,KIRINYAGA COUNTY OFFICES,KUTUS,kirinyagacounty2013@gmail.com
Computer science ,Nanyuki water and sewerage Co.ltd,NANYUKI,info@nawasco.co.ke
Computer Science ,RAGATI TEA FACTORY,"Karatina , Kagochi road",info@ragati.ktda.com
information technology,E-TECH developers Kenya,Nairobi,etechdeveloperske@hotmail.com
Statistics ,TANA RIVER COUNTY GOVERNMENT ,HOLA ,info@tanariver.go.ke
 Businessinformation technology ,Kenversity Sacco Society Limited ,Kahawa Sukari,info@kenversitysacco.co.ke
Business information technology ,KIE,Nairobi,info@kie.go.ke
Software Engineering,APPKINGS SOLUTION LIMITED,NAIROBI,info@appkings.co.ke
Mathematics and Computer Science,KALNICS SOLUTIONS LIMITED,NAIROBI,Info@kalnicsslnltd.co.ke
Mathematics and Computer Science ,CONTEXT EXPERTS AGENCIES ,RUIRU,academicperfect@gmail.com
Mathematics and Computer Science ,K-UNITY SACCO,KIAMBU,info@k-unity.co.ke
Mathematics and Computer Science ,Kirinyaga county Offices ,kirinyaga ,kirinyagacounty2013@gmail.com
information technology ,county assembly of Nakuru ,NAKURU ,Wasegesward@gmail.com
information technology,Mwingi nursing home hospital,KITUI,nzoonzei@yahoo.com
 Computer System Engineering,Teach2Give,Nyeri,info@teach2give.com
Financial Engineering,Kenya Maritime Authority ,Mombasa,info@kma.go.ke
Computer Science,POWERLEARN PROJECT AFRICA,Nairobi,info@powerlearnproject.org
information technology,Kenya Medical Supplies Authority    ,Nairobi,info@kemsa.co.ke
information technology ,Kimunye Tea Factory ,Kerugoya ,info@kimunye.ktdateas.com
information technology,Nasear Agency limited ,Nairobi ,nasearagency@yahoo.com
Financial Engineering,Nakuru water and sanitation company ,Nakuru,info@nakuruwater.co.ke
Statistics,Tegat Tea factory,kericho,info@ktdateas.com
Actuarial Science,County Government of Kirinyaga,Kerugoya,info@kirinyaga.go.ke
Computer Science,Salim Enterprises  Limited,Kerugoya,nyaga@gmail.com
Computer Science,WATER REGULATORY AUTHORITY,Kerugoya,WRAMKRG@YAHOO.COM
information technology,BLESSED MEDICAL HOSPITAL,KITENGELA,blessedcommunity978@gmail.com
information technology,MINISTRY OF AGRICULTURE NAIROBI(KILIMO HOUSE),NAIROBI ,info@kilimo.go.ke
information technology ,Net contractors nairobi,Nairobi,netcontractors@hotmail.com
 mathematics and computer science ,Muhoroni sugar company ,Muhoroni ,info@musco.co.ke
Software Engineering ,Sirflex computer services,Kutus,Samkung@gmail.com
information technology ,TEACHERS SERVICE COMMISSION ,kajiado,scdelangatawias@tsc.gmail .com
Software Engineering ,County assembly of Nakuru ,Nakuru ,info@assembly.nakuru.go.ke
Business,Kenya Forestry Research Institute,City square -Nairobi,director@kefri.org
Business,Kambaa Tea Factory,Githunguri,kambaaktdateas.com
Business,Kenya Industrial Estates,Viwandani-Nairobi,info@kie.go.ke
Business,Bimas Kenya Limited,Embu,info@bimaskenya.com
Business,Blue Nile Rolling Mills Ltd,Nairobi,info@bluenile-group.com
Business,Busia County Government,Busia,info@busiacounty.go.ke
Business,Brookside Dairy Limited,Ruiru-Nairobi,humanresource@brookside.co.ke
Business,Nzoia Sugar Company,Bungoma,md@nzoiasugar.com
Business,Kenya Medical Supplies Authority,Nairobi,info@kemsa.go.ke
Business,DelMonte Kenya Limited,Nairobi,nanasi@freshdelmonte.com
Business,Kisumu County Revenue Board,Kisumu,revenueboard@kisumu.go.ke
Business,County Assembly of Kisumu,Kisumu,kisumuassembly@go.ke
Business,Maweega Company Ltd,Ruaraka-Nairobi,Not provided
Business,Ministry of Education,Nairobi,info@education.go.ke
Business,Weru Tea Factory Co. Ltd,Chuka,info@weru.ktdateas.com
Business,Nyandarua County Government,Nyandarua,info@nyandarua.go.ke
Business,Litenore Limited,Nairobi,info@zeraki.app
Business,Embu County Government,Embu,info@embu.go.ke
Business,Kenya Literature Bureau,Nairobi,info@klb.co.ke
Business,NG-CDF,Nairobi,info@ngcdf.go.ke
Business,Credit Bank Limited,NAirobi,mainoffice@creditbank.co.ke
Business,Airtel Networks Kenya,Nairobi,+254 (0) 734110000
Business,Makueni County Treasury,90303,finance@makueni.go.ke
Business,Talfa DT Sacco,Nyeri,po box 1649-00100
Business,National Cereals & Produce Board,Nairobi,info@ncpb.co.ke
Business,Damju Company Ltd,Nanyuki,julianakamau@gmail
Business,IFMIS - National Treasury,Nairobi,info@ifmis.go.ke
Business,Brikimu Enterprises,Bomet,brikimumerchants@gmail.com
Business,Rafiki Microfinance Bank,Nairobi,info@rafiki.co.ke
Business,Mogo Auto Limited,Nairobi,help@mogo.co.ke
Business,Meru Central Dairy Co-operative,Meru,maziwa@merudairy.co.ke
Business,Unisave Savings and Credit Co-op,Embakasi central-Nairobi,unisavesacco@gmail.com
Business,Emurua Dikirr CDF Office,Narok,cdfemuruadikirr@ngcdf.go.ke.
Business,Hemusaie Enterprise Ltd,Nairobi,Hemusaie@gmail.com
Business,Ojas Industries Ltd,Nairobi,ojasindustries@gmail
Business,Consolidated Bank Nyeri Branch,Nyeri,nyeri@consolidated-bank.com
Business,Gully Net Solutions,Ol'Kalou-Nyandarua,gullynetsolutions@gmail.com
Business,Murang'a County government,Murang'a,cdpomuranga@gmail.com
Business,Kenya Ports Authority (KPA),Mombasa,micd@kpa.co.ke
Business,Kenya National Library Service,Nairobi,knls@knls.ac.ke
Business,Derac Consulting,Nairobi,info@deracconsulting.co.ke
Business,County government of Nakuru,Nakuru,info@nakuru.go.ke
Business,Bondeni Sub-county Hospital,Nakuru,bondenimaternity@gmail
Business,Kenya Highlands Sacco,Nakuru,kenyahighlandssaccoltd@gmail
Business,Kenya National Bureau of Statistics,Nairobi,+254 (0) 202141600
Business,Joyka College of Professional Studies,Nairobi,joycekathuli@gmail.com
Business,Soroya Investment Limited,Nairobi,Soroya@outlook.com
Business,Youth Enterprise Development Fund,Nairobi,info@youthfund.go.ke
Business,Kwetu DT Sacco,Machakos,customercare@kwetusacco.com
Business,Somo Africa,Yaya towers-Nairobi,Contact@somoafrica.org
Business,Maasai Mara University,Narok,info@mmaraa.ac.ke
Business,National Treasury Pensions Department,Nairobi,Pensions@treasury.go.ke
Business,Kenya Development Corporation,Nairobi,info@kdc.go.ke
Business,Cooperative Bank Kutus Branch,"Kutus ,Kirinyaga",kutusbr@co-opbank.co.ke
Business,SL NAFARKA Commodities Ltd,Nairobi,sknafaka@gmail.com
Business,MMM Counter Human Trafficking,Nairobi,eccarralreader@gmail.com
Business,Kirinyaga County government,Kirinyaga,Kirinyagacounty2013@gmail
Business,Bainanga Construction Ltd,Thititi,PM@gmail.com
Business,Oldonyo Farm Timau Ltd,Nanyuki -Laikipia,info@oldonyo.com
Business,Westside Hotels Ltd,Kitale-Transnzoia,info@westsidehotels.co.ke
Business,Acr Imani talent Sacco,Nakuru,Phone +254720167573
Business,Jassan's Communication,Kahuro-Murang'a,jassan1020@yahoo.com
Business,Ministry of Public Service,Nairobi,Psepsyg.go.ke
Business,Nairobi City County government,Nairobi,info@nairobi.go.ke
Business,Platinum Credit Limited,Nairobi,mamanginacs@platinumcredit.co.ke
Business,kicowasco PLC,Kerugoya-Kirinyaga,info@kicowasco.co.ke
Business,Kimbilio Daima Sacco, Bomet,kimbiliosacco@gmail
Business,Nick Insurance Brokers Ltd,Viwandani-Nairobi,info@nck.co.ke
Business,Biashara Sacco Society Ltd,Nyeri,biasharasacco@yahoo.com
Business,State Dept for Social Protection,Nairobi,ps@socialprotection.go.ke
Business,Muki Sacco Society Ltd,North Kinangop,mukigroup@yahoo.com
Business,Imarisha Sacco Ltd,Murang'a,imarisha@imarishasacco.co.ke
Business,Brasely Group,Nakuru,braselygroup@gmail.com
Business,Winas DT Sacco Ltd,Embu town,info@winassacco.com
Business,Agricultural Finance Corporation,Kerugoya-Kirinyaga,Phone +254774354963
Business,Kathangariri Tea Factory Ltd,Embu,info@kathangariri.ktdateas.com
Business,Masaba North Ministry of Edu,Keroka-Kisii,masabanorthedu@gmail.com
Business,Cold Springs Hotel Ltd,Homabay,Cold@gmail.com
Business,Kiwilkas DT Sacco,Nyandarua,info@kiwilkassacco.co.ke
Business,Mwea Irrigation Agricultural Dev,Wanguru-kirinyaga,020-2033987
Business,Nairobi Water & Sewerage Co.,Nairobi,Phone +254716683572
Business,Nairobi Timber Ltd,Nairobi,info@nbitimber.com
Business,Ministry of Lands & Physical Planning, Nairobi,info@ardhi.go.ke
Business,Makueni Transporters Sacco,wote-makueni,matocosacco@gmail.com
Business,Privatisation Commission,Nairobi,info@privatisation.go.ke
Business,Margje Ltd,Karugoya,sec.margje002@gmail.com
Business,Makueni County Fruit Authority,wote-makueni,info@mcfdmar.co.ke
Business,NRS DT Sacco,kikuyu-kiambu,info@nrssacco.co.ke
Business,County government of Kirinyaga,"Kutus ,Kirinyaga",info@kirinyaga.go.ke
Business,Solution Sacco Ltd,Meru,info@solutionsacco.com
Business,Hope House Travel Agency Ltd,Nairobi,travel@hopehousetravelagency.co.ke
Business,Social Health Authority,Mariakani,Phone +254722677535
Business,west pokot county government,west pokot,info@westpokot.go.ke
Mechanical engineering,LITEIN TEA FACTORY,"Litein, Kericho",info@kipchimchimgroup.com
Mechanical engineering,FAYZ CONSTRUCTION LIMITED (JOY MILLERS LIMITED ),"Nairobi, Kenya",Phone +254733851201
Mechanical engineering,TECHFINITY SOFTWARE RUIRU,"Nairobi, Kenya",748 318032
Mechanical engineering,"KUTUS-AUTO-GARAGE,NEAR EQUITY BANK","Kutus ,Kirinyaga",near equity bank
Mechanical engineering,Public works state department of mechanical engineering,"Machakos Road, Industrial Area",info@publicworks.go.ke.
Mechanical engineering,KIWASCO (KISUMU),"Tom Mboya Rd, Kisumu",info@kiwasco.co.ke
Mechanical engineering,Geba Fabricators & Eng.,"Kangundo Rd, Nairobi",gebafablimited@gmail.com
Mechanical engineering,KENYA POLICE CENTRAL WORKSHOP,"Jogoo House, Taifa Road, Nairobi",0800 722 203
Mechanical engineering,FIRST FITS AUTO CARE LIMITED ,"Warehouse/Godown 76, along Nanyuki Road, Industrial Area, Nairob",Firstfitauto@gmail.com
Mechanical engineering,IPRO CONSTRUCTION  COMPANY  LIMITED,"Luthuli Avenue, Nairobi",info@iproconstruction.co.ke
Mechanical engineering,Regal Pharmaceuticals Ltd,Off Baba Dogo Road Nairobi,info@regalpharmaceuticals.com
Mechanical engineering,SIDEWAYS METAL WORKS,"8 Laiser Hill Road, Ongata Rongai, Kajiado",sales@sidewaysmetalworks.co.ke
Mechanical engineering,VisionOne Industries Limited,"Bahati - Murunyu Road, opposite St. Bahati",info@visiononeindustries.com
Mechanical engineering,KENYA POWER (NYERI),"Stima House / Diana Center, Nyeri",customercare@kplc.co.ke
Mechanical engineering,Fresha Dairy Brands. Githunguri ,"Githunguri, Kiambu",info@fresha.co.ke
Mechanical engineering,"West road Automotive Center, Ruaka-Kiambu ","Gacharage Junction, next to Total Ruaka, Limuru Rd",0725 734870
Mechanical engineering,Kenya Vehicle Manufacturer Ltd (KVM),"Garissa Road, Thika",info@kam.co.ke (via KAM association)
Mechanical engineering,Thumaita tea factory,"Thumaita Sub-location, Gichugu, Kirinyaga",info@ktdateas.com
Mechanical engineering,"ASHUT PLASTICS LIMITED, NAIROBI.","Lokitaung Rd, Off Likoni Rd, Viwandani, Nairobi",enquiries@ashutplastics.com
Mechanical engineering,"AXAR MOTORS LIMITED, Busia","Ruiru Town, Greec Towers",solutions@associated-motors.com
Mechanical engineering,MUTINDWA TOYOTA DEALERSHIP,"Meru - Maua Road, Next to Kenya Power",sales@mutindwa.com
Mechanical engineering,"JUNKYARD AUTO GARAGE, Ruiru","Mathigu Road, Ruiru",ruiruautogarage@gmail.com
Mechanical engineering,Nakuru water and sanitation company ,Nakuru Town,custcare@nakuruwater.co.ke
Mechanical engineering,DREAM LINE AUTO GARAGE ,Ruiru / Nairobi,info@dreamline.co.ke
Mechanical engineering,SIOMO TEA FACTORY EPZ,"Kapleleito - Sotit Road, Koiwa",info@siomotea.com
Mechanical engineering,KIMUNYE TEA FACTORY,"Gichugu Division, Kirinyaga",info@kimunye.ktdateas.com
Mechanical engineering,Kenya Ordinance Factories Coporation (KOFC),"Kitale Eldoret Road, Eldoret",info@kofc.co.ke
Mechanical engineering,"JOY MILLERS LIMITED, KUTUS","Kutus - Embu Rd, Kerugoya",admin@joymillerslimited.co.ke
Mechanical engineering,KONZA TECHNOPOLIS (ICM SPA),"7th floor, Konza Complex, Nairobi-Mombasa Road",konza@konza.go.ke
Mechanical engineering,Royal Steel Mill Nakuru,"Salgaa, along Nakuru-Salgaa Highway",info@royalsteelmill.com
Mechanical engineering,Kabsabet Tea Factory,"Kapsabet, Nandi County",info@kapsabet.ktdateas.com
Mechanical engineering,Central Plumbing Limited,Nairobi,Phone: +254 20 558611)
Mechanical engineering,Mombasa Cement,"Mikindani, Mombasa",jitujoshi@mombasacement.com
Mechanical engineering,Ministry of Roads & Transport Mechanical Division,"Transcom House, Ngong Road, Nairobi",cmte@mechanical.go.ke
Mechanical engineering,West Kenya Sugar Naitiri Unit,"P.O. Box 50-50211, Naitiri, Bungoma",westkenyanaitirisugarcompany@gmail.com
Mechanical engineering,Sondu Miriu Power Plant (KenGen),"P.O. Box 875, 40100 Kisumu",pr@kengen.co.ke
Mechanical engineering,Harmony Auto Mechanical Garage,"48 Toh Guan Road East #02-113, Singapore",jurong@harmony.com.sg
Mechanical engineering,Kenya Railways,"Workshops Road Off Haile Selassie Ave, Nairobi",info@krc.co.ke
Mechanical engineering,Mudher Mechanical Works Limited,"Viwandani Butere Rd, Mudher Bldg, Nairobi",Phone: +254 772 093145)
Mechanical engineering,Vertex Builders Ltd,"438 West Green Road, London, England",contactvertexbuilding@gmail.com
Mechanical engineering,Kenya Plant Health Inspectorate Service (KEPHIS),"Ololua Ridge, Karen, Nairobi",kephisinfo@kephis.org
Mechanical engineering,Mombasa Cement Limited Company,"New Msa-Nrb Road, Mikindani, Mombasa",jitujoshi@mombasacement.com
Mechanical engineering,Nationwide Electrical Industries Limited,"Road One, Off Baba Dogo Road, Ruaraka, Nairobi",info@nationwidegroup.co.ke
Mechanical engineering,South Nyanza Sugar Company (Sony Sugar),"Sare-Awendo, Kisii-Migori Road",info@sonysugar.co.ke
Mechanical engineering,County Government of Kirinyaga (Transport Dept.),"Kutus, Kirinyaga",info@kirinyaga.go.ke
Mechanical engineering,Nairobi City Water & Sewerage (Sasumua Dam),"Sasumua, Njabini / Nairobi",customercare@nairobiwater.co.ke
Mechanical engineering,Mogeni Tea Factory Ltd,"Ikonge, Nyamira",info@mogeniteafactory.com
Mechanical engineering,Hakika Transport Services,"Kitengela, Kajiado / Mombasa",info@hakikafms.com
Mechanical engineering,Mungetho Plastics Limited,"Njiru, Kangundo Road, Nairobi",Phone: +254 719 585 601
Mechanical engineering,Stamark Autos Limited,"Popo Road, South C, Nairobi",sales@cfao.com
Mechanical engineering,Subaru Kenya,"Addis Ababa Road, Industrial Area, Nairobi",bodyshop@subarukenya.com
Mechanical engineering,Ashut Engineers Ltd,"Nyahera Road, Off Lunga Lunga Road, Nairobi",enquiries@ashut.com
Mechanical engineering,Kapkatei Tea Factory Ltd,"Litein, Kericho",kapkatetfactory@gmail.com
Mechanical engineering,Mudete Tea Factory,"Mbale - Maragoli, Vihiga",info@mudete.ktdateas.com
Mechanical engineering,KenGen Kamburu Hydropower Station,Embu / Machakos border,pr@kengen.co.ke
Mechanical engineering,Vegpro Kenya Limited,"Embakasi, Nairobi",info@vegpro-kenya.com
Mechanical engineering,Thika Water and Sewerage Company (THIWASCO),Thika,info@thiwaco.co.ke
Mechanical engineering,Directorate of Occ. Safety & Health (DOSH-KE),"Safety House, Commercial St, Industrial Area, Nairobi",doshdept@labour.go.ke
Mechanical engineering,Ngorongo Tea Factory,Kiambu Road near Gathanji Village,info@ngorongotea.co.ke
Mechanical engineering,Innate Technologies Ltd,Nairobi,info@innate.co.ke
Mechanical engineering,Iko Winners Company Limited,Nairobi / Regional branches,Phone: +254 719 042000
Mechanical engineering,Mabati Rolling Mills Mariakani,"Mariakani, Mombasa",info@mabati.com
Mechanical engineering,Antom Automotive Ltd,"Baricho Road, Industrial Area, Nairobi",info@antomauto.com
Mechanical engineering,Maramba Tea Factory,"Limuru, Kiambu County",info@marambatea.ktdateas.com
Mechanical engineering,Manguchi Autowerks,"Along Kiambu Road, Nairobi",info@manguchi.co.ke
Mechanical engineering,Kapa Oil Refineries Ltd,"Mombasa Road, Nairobi",info@kapa-oil.com
Mechanical engineering,Heavy Engineering Ltd,"Funzi Road, Industrial Area, Nairobi",info@hekenya.com
Mechanical engineering,Quality Motors Garage,Nairobi,qualitymotorsltd@gmail.com
Mechanical engineering,Alpha Logistics Services (EPZ) Ltd,Mombasa,info@alphakenya.com
Mechanical engineering,Rimrock Construction Services Ltd,Nairobi,info@rimrock.co.ke
Mechanical engineering,Kagio Smart Feeds Limited,"Kagio, Kirinyaga County",Phone: +254 722 815077
Mechanical engineering,Nairobi City County Govt Garage,"City Hall Way / Industrial Area, Nairobi",info@nairobi.go.ke
Mechanical engineering,Ngere Tea Factory,"Karangi, Gatanga, Muranga County",info@ngere.ktdateas.com
Mechanical engineering,Almasi Bottlers Ltd,"Corporate Office, Nairobi / Eldoret",
Mechanical engineering,Stroock Garage,Nairobi,Phone: +254 722 710185
Mechanical engineering,Delta Precision and Fabricators,"Jomo Kenyatta Road, Mombasa",Phone: +254 713 110000
Mechanical engineering,Kenya Power and Lighting Company (KPLC),NULL,Not provided
Mechanical engineering,Auto Code Limited,"Magharibi Place, Mai Mahiu Rd, Nairobi",info@autokey.co.ke
Mechanical engineering,Kylin Motors Company,"Kindaruma Rd, Ngong Rd, Nairobi",website: kylinmotors.com)
Mechanical engineering,Maisha Mabati Ltd,"Ruiru Kamiti Road, Nairobi",sales@maishamabati.com
Mechanical engineering,Ostrich Engineering Services,"Likoni Rd, Industrial Area, Nairobi",scales@ostrichscales.com
Mechanical engineering,MK Auto Garage,Ruiru / Nairobi,Phone: +254 722 858585
Mechanical engineering,Kenya Airways,"Airport North Road, Embakasi, Nairobi",customer.relations@kenya-airways.com
Telecommunication,Fiberlink Limited Solutions,"Gathii House, Nairobi",info@fiberlinksolutionsltd.co.ke
Telecommunication,Stablelink Systems Limited,"Mama Ngina Street, Embu",info@sabalink.co.ke
Telecommunication,Sprinkville Networks Ltd," Limuru Rd, Nairobi",info@sprinkvillenetworks.co.ke
Telecommunication,Jamii Telecommunications, Nairobi,customercare@jtl.co.ke
Telecommunication,Mogogosiek Tea Factory,"Mogogosiek, Bomet ",info@ktdateas.com
Telecommunication,Yellow Fiber Networks,"Ngong Rd - Maziwa, Nairobi",Phone: +254 701 774305
Telecommunication,River Text Limited (Rivatex),Eldoret - Kipkaren Road,info@rivatex.co.ke
Telecommunication,Airnet Broadband Limited,"Gathii House,Nairobi",info@airnet.co.ke
Telecommunication,County Govt of Kirinyaga,"Kutus Town, Kirinyaga",info@kirinyaga.go.ke
Telecommunication,Bulshofiber Link Limited,"1st Ave, Eastleigh / Pangani, Nairobi",Phone: +254 740 501501
Telecommunication,Kenya Pipeline Company JKIA,"Embakasi, Nairobi",info@kpc.co.ke
Telecommunication,Baran Telecom Networks (BTN),Nairobi,info@btn-solutions.co.ke
Telecommunication,KenGen Olkaria,"Naivasha, Nakuru County",pr@kengen.co.ke
Telecommunication,Kiptagich Tea Factory,"Kiptagich, Nakuru County",info@kiptagich.co.ke
Telecommunication,Siaya County Referral Hospital,Siaya Town,siayacountyrh@gmail.com
Telecommunication,County Govt of Nakuru,Nakuru City,info@nakuru.go.ke
Telecommunication,Masinde Muliro University of Science and Technology,Kakamega Town,info@mmust.ac.ke
Telecommunication,Kenya Civil Aviation Authority,"Aviation House, JKIA, Nairobi",info@kcaa.or.ke
Telecommunication,Cloud logic limited,Nairobi,info@cloudlogic.co.ke
Telecommunication,Alan Dick & Co. (EA) Ltd,"Funzi Road, Industrial Area, Nairobi",Phone: +254 20 650536
Telecommunication,Aircare Aero Services Ltd,"Wilson Airport, Nairobi",info@aircare.co.ke
Telecommunication,Konnect Data Networks,"Ruaraka Close, opposite Dog Section, Nakuru",csr@konnected.co.ke
Telecommunication,YELLOW FIBER NETWORKS,"Ngong Rd - Maziwa, Nairobi",Phone: +254 701 774305
Telecommunication,Fibre 8,Nairobi,support@zukufiber.co.ke
Telecommunication,Wavelink Networks,"City View, Jogoo Road, Nairobi",info@wavelinknetworks.co.ke
Telecommunication,QUICK FIBER LIMITED,Nairobi,sales@quickfiber.co.ke
Telecommunication,County Govt of Kakamega,"Mumias Road, Kakamega Town",info@kakamega.go.ke
Telecommunication,Naivatel Networks Limited,"Lakeview Silver Houses, Naivasha",info@naivatel.co.ke
Telecommunication,NARIANA ENTERPRISES,Nairobi,info@nariana.co.ke
Telecommunication,T-tech Telecommunication,Nyeri Town,ttechtelecommunications@gmail.com
Telecommunication,TELKOM KENYA LIMITED,"Ralph Bunche Road, Nairobi",customercare@telkom.co.ke
Telecommunication,Simplex Technologies,"Delta Corner Tower 2, Westlands, Nairobi",info@simplexsystems.co.ke
Telecommunication,KEROKA TECHNICAL INSTITUTE,"Keroka, Kisii County",info@kerokatechnical.ac.ke
Telecommunication,FIRSTBASICS TECHNOLOGIES,"Savannah Business Center, Embakasi",info@firstbasics.tech
Telecommunication,KBC,"Harry Thuku Road, Nairobi",feedback@kbc.co.ke
Telecommunication,Nandi County Government,Kapsabet Town,info@nandi.go.ke
Telecommunication,Golden valley ltd,Nairobi,info@goldenvalley.co.ke
Telecommunication,GUZZER TECHNOLOGIES,"Jameson Court, Ngong Road, Nairobi",info@g-tech.co.ke
Telecommunication,PAYSTORE KENYA,"Meru Mbayakarichu Building, Meru",Phone: +254 798 669440
Electronics and computer engineering,Karwak Construction Limited,Nairobi,info@karwak.co.ke
Electronics and computer engineering,Nairobi Timber L.T.D,"Lunga Lunga Road, near House of Manji, Nairobi",info@nbitimber.com
Electronics and computer engineering,Essyk Building Solutions Ltd,Nairobi,info@essyk.com
Electronics and computer engineering,Interactive Technologies Limited,"6th Floor, Parklands Road, Nairobi",info@itlweb.com
Electronics and computer engineering,Tea Research Institute - KALRO,"Off Kericho-Nakuru Road, Kericho",tea.research@kalro.org
Electronics and computer engineering,Lux Builders Limited,"Westlands, Nairobi",luxwaybridge@gmail.com
Electronics and computer engineering,Arcodau Limited,Nairobi,sales@arcooda.com
Electronics and computer engineering,Agupe Home Fiber Solutions,"Pamki House, Kimathi Way, Nyeri",agapetechenterprise@gmail.com
Electronics and computer engineering,Migori County ICT Dept,Migori Town,info@migori.go.ke
Electronics and computer engineering,Kenya Power (Narok),Narok Town,customercare@kplc.co.ke
Electronics and computer engineering,Kenya Power (Kerugoya),Kerugoya Town,customercare@kplc.co.ke
Electronics and computer engineering,Kanyenyaini Tea Factory Ltd,"Off Kangema-Kanyenyaini Rd, Kangema",info@kanyenyaini.ktdateas.com
Electronics and computer engineering,Starcraft Electrical Company,Nairobi,info@starcraft.co.ke
Electronics and computer engineering,Africa Polysack Limited,"East Gate Road, off Mombasa Road, Nairobi",info@africapolysack.co.ke
Electronics and computer engineering,KenGen Olkaria,"Naivasha, Nakuru County",pr@kengen.co.ke
Electronics and computer engineering,Ministry of Water & Irrigation,"Maji House, Ngong Road, Nairobi",ps@water.go.ke
Electronics and computer engineering,Power Hub Consultant Ltd,"Eastern Bypass, Ruiru",info@powerhub.co.ke
Electronics and computer engineering,Kandara Technical Institute,"Kandara, Murang'a",kandaratvc@gmail.com
Electronics and computer engineering,Nariana Enterprise Limited,Nairobi,info@nariana.co.ke
Electronics and computer engineering,FINLAYS (KENYA) LIMITED,"PO Box 223, Chepkembe, Kericho",info.kenya@finlays.net
Electronics and computer engineering,BERWAKI AFRICA LIMITED,"Box 17465-00100, Nairobi",info@berwakiafrica.co.ke
Electronics and computer engineering,Tana Water and Sewerage Company,"Maji House, Baden Powell Road, Nyeri",tanawaterco@gmail.com
Electronics and computer engineering,Kenya Power (Eldoret),Eldoret Town,customercare@kplc.co.ke
Electronics and computer engineering,Egerton University (Main Campus),"Nakuru-Mau Narok Road, Njoro",info@egerton.ac.ke
Electronics and computer engineering,NAIROBI CITY COUNTY,"City Hall Way, Nairobi",ncpsbnairobi047@gmail.com
Electronics and computer engineering,Tebesonik Tea Factory Limited,"Majani Plaza, Koinange Street, Nairobi",gnjoroge@ktdateas.com
Electronics and computer engineering,"Next Technologies, Nairobi","Applewood Park, Off Wood Ave, Kilimani",info@next.co.ke
Electronics and computer engineering,Ampath Uzima Eldoret,"P.O. Box 4606-30100, Eldoret",info@usaidampathuzima.or.ke
Electronics and computer engineering,Henwaig Construction,Eldoret / Regional,Phone: +254 722 751147)
Electronics and computer engineering,KETRACO Suswa SuStatisticsation,"Kawi Complex, South C, Nairobi",info@ketraco.co.ke
Electronics and computer engineering,George Jordan Farm Limited,Nairobi / Naivasha,Phone: +254 722 841525)
Electronics and computer engineering,Power Hub Consultant,"PowerHub Center, Eastern Bypass, Ruiru",info@powerhub.co.ke
Electronics and computer engineering,Homa Bay County Hospital ICT,"Homa Bay School Road, Homa Bay",info@hbctrh.or.ke
Electronics and computer engineering,KenGen Kindaruma Station,Embu / Machakos,pr@kengen.co.ke
Electronics and computer engineering,Icom Technologies Limited,"City Tower, Nairobi",info@icomtechsolution.com
Electronics and computer engineering,KenGen Kipevu Power Station,"P.O. Box 80801, Mombasa",pr@kengen.co.ke
Electronics and computer engineering,Arkedge Limited,Nairobi,info@arkedge.com
Electronics and computer engineering,"Mabati Rolling Mills, MOMBASA","Mariakani, Mombasa",info@mabati.com
Electronics and computer engineering,REREC,"Kawi Complex, South C, Nairobi",info@rerec.co.ke
Electronics and computer engineering,"Maisha Mabati Limited, Ruiru","Ruiru Kamiti Road, Nairobi",sales@maishamabati.com
Electronics and computer engineering,Kenya Broadcasting Corporation,"Harry Thuku Road, Nairobi",feedback@kbc.co.ke
Electronics and computer engineering,Falcon Refrigeration Services,Nairobi,falconrigerationservices@gmail.com
Electronics and computer engineering,"ACFE, Kenya Chapter","P.O. Box 10780, Nairobi",info@thimpress.com
Electronics and computer engineering,NEXT TECHNOLOGIES LTD,"Applewood Park, Kilimani, Nairobi",info@next.co.ke
Electronics and computer engineering,KPLC NAIROBI,"Stima Plaza, Kolobot Road, Nairobi",customercare@kplc.co.ke
Electronics and computer engineering,ELIAS ICT,"Kabarnet - Iten Road, Kabarnet",Phone: +254 710 630 629
Electronics and computer engineering,LISH LIMITED,Nairobi,contact@lishfood.com
Electronics and computer engineering,JAMES FINLAYS LIMITED,Kericho / Mombasa,info.kenya@finlays.net
Electronics and computer engineering,Postal Co-operation (POSTA),"Posta House, Nairobi",info@posta.co.ke
Electronics and computer engineering,FIRESIDE ENGINEERING GROUP,"Lower Kabete, Nairobi",info@fireside.co.ke
Electronics and computer engineering,Tea Research Institute,Kericho,info@tearesearch.or.ke
Electronics and computer engineering,KENYATTA NATIONAL HOSPITAL,"Hospital Road, Nairobi",knhadmin@knh.or.ke
Electronics and computer engineering,Electromag Engineering Co Ltd,"Mombasa Road, Nairobi",info@electromag.co.ke
Electronics and computer engineering,NAIROBI COUNTY GOVT,"City Hall, Nairobi",info@nairobi.go.ke
Electronics and computer engineering,EGYPRO EAST AFRICA LIMITED,"Piemond Plaza, Ngong Road, Nairobi",contact@egypro.com
Electronics and computer engineering,FADLAD WINAM,"Kibos Road, Kisumu",info@fablabwinam.org
Electronics and computer engineering,KIGARI TEACHERS COLLEGE,Embu,info@ktc.ac.ke
Electronics and computer engineering,GLITEX SOLUTION,Nairobi,info@glitexsolutions.co.ke
Electronics and computer engineering,G-TECH Ltd,Nairobi,info@g-tech.co.ke
Electronics and computer engineering,Kenya Civil Aviation Authority,"Aviation House, JKIA, Nairobi",info@kcaa.or.ke
Electronics and computer engineering,BULSHOFIBER LINK LIMITED,"Eastleigh, Nairobi",Phone: +254 740 501 501
Electronics and computer engineering,Kericho County ICT Centre,Kericho Town,info@kericho.go.ke
Electronics and computer engineering,ESSYK BUILDING SOLUTIONS,Nairobi,info@essyk.com
Electronics and computer engineering,PRICOMPS Ltd,Nairobi,info@pricomps.com
Electronics and computer engineering,Meward Technologies,Nairobi,info@meward.co.ke
Electronics and computer engineering,AWASAM ONLINE EXPERTS,Nairobi,info@awasam.co.ke
Electronics and computer engineering,Jackim Electrical,Nairobi,info@jackimelectrical.co.ke
Electronics and computer engineering,LAIKIPIA PRIME POWER,Nanyuki,Phone: +254 722 815077
Electronics and computer engineering,Soliton Telmec Limited,"Soliton House, Nairobi",info@soliton.co.ke
Electronics and computer engineering,Dedan Kimathi University,"Nyeri - Mweiga Road, Nyeri",info@dkut.ac.ke
Electronics and computer engineering,E-tacle Developers Kenya,Nairobi,info@etacle.com
Electronics and computer engineering,Mariton Ventures Limited,Nairobi,info@mariton.co.ke
Electronics and computer engineering,Proteq Automation,Nairobi,info@proteq.co.ke
Electronics and computer engineering,Tech Home East Africa,Nairobi,info@techhomeea.com
Construction and property management,BOMACO CONSTRUCTION LTD,"Box 2200, Eldoret / Nakuru",info@bomaco.com.tr
Construction and property management,Top Choice Surveillance Ltd,"Valley View Office Park, City Park Dr, Nairobi",info@topchoice.co.ke
Construction and property management,Ostrich Engineering Services,"Likoni Rd, Industrial Area, Nairobi / Embu",scales@ostrichscales.com 
Construction and property management,Lushic Enterprises Limited,Nairobi / Regional,Lushcustomercarekenya@tolaram.com
Construction and property management,Afrik Engineering Ltd,Nairobi,Phone: +254 713 000000)
Construction and property management,Cheki Company Ltd,"Grosvenor Suite, 14 Riverside Drive, Nairobi",info@cheki.co.ke
Construction and property management,Agricultural Finance Corporation,"Development House, Moi Avenue, Nairobi",info@agrifinance.org
Construction and property management,Twin Concrete Works Ltd,Nanyuki,Phone: 0714 652877)
Construction and property management,Nyeri County Transport Dept,Nyeri Town,nyerigovernormedia@gmail.com
Construction and property management,RS Construction & Management,London / Nairobi,info@rs-construction.com
Construction and property management,Centrip Company Limited,Nairobi,help@centtrip.com
Construction and property management,Drilmatic Infrastructure Ltd,"Daykio Plaza, Ngong Rd, Nairobi",info@drilmatic.co.ke
Construction and property management,National Construction Authority,"KCB Towers, Nairobi / Nakuru",info@nca.go.ke
Construction and property management,Kenya National Highway Auth (MTRD),"Barabara Plaza, Jomo Kenyatta Intl Airport, Nairobi",dg@kenha.co.ke
Construction and property management,Frejed Engineering Services Limited,"Ramco Court, Mombasa Road, Nairobi",info@frejed.co.ke
Construction and property management,Mountain Home Construction Ltd,"Nairobi, Kenya",mountainhomeconst01@gmail.com
Construction and property management,Alliance Realtor Ltd,"Salama House, Mama Ngina St, Nairobi",alliancerealtors@gmail.com
Construction and property management,Nairobi Hospice,"P.O Box 74818-00200 City Sq, Nairobi",info@nairobihospice.or.ke
Construction and property management,Pacific Projects Ltd,"Dune Plaza 1st Floor, Ruai, Kangundo Rd",info@pacificprojects.co.ke
Construction and property management,"Dune Pizza, Ruai Town","Dune Plaza, Ruai Town",Phone: 0722111816)
Construction and property management,Makueni County Government,"Department of Infrastructure, Wote",transport@makueni.go.ke
Construction and property management,Denca Contractors Limited,"Nairobi, Kenya",info@dencacontractorsltd.co.ke
Construction and property management,Starehe Point - Shyam General,"General Waruinge Road, Starehe, Nairobi",Phone: +254745474747)
Construction and property management,Rai Cement,"Awasi, Kisumu County, Kenya",sales@raicement.com
Construction and property management,Laxminarayan Builders Ltd,"Third Floor, Radha Encalave, South Goa",sales@lakshminarayanbuilders.com
Construction and property management,Nutriscope Ltd,"400 Applewood Crescent, Vaughan, Ontario",website: nutriscope.ca
Construction and property management,Creation Projects Ltd,"P.O. Box 940-90200, Kerugoya",creationprojects@gmail.com
Construction and property management,Nightingale(EA)LTD,P.O. Box 11873-00400 Nairobi,info@nca.go.ke for complaints)
Construction and property management,Belfast Engineering Works,Embu / Nairobi,Phone: +254 722 841525)
Construction and property management,Vanscon Construction Ltd,"Laxcon Court Plaza, Nairobi",info@vesconcltd.com 
Construction and property management,State Dept. of Public Works Siaya,"Siaya Town, Siaya County",info@siaya.go.ke 
Construction and property management,Koya Building & Construction,"Kose Heights, Argwings Kodhek Rd, Nairobi",info@koyaadvocates.co.ke 
Construction and property management,JOHWAT HOLDING LIMITED,NULL,Not provided
Construction and property management,Vibrant Construction Limited,"Tom Mboya Street, Nairobi",info@vibrant.co.ke 
Construction and property management,cresent construction ltd,NULL,Not provided
Construction and property management,Real Contractors Limited,"Links Road, Nyali Centre, Mombasa",info@realconst.co.ke
Construction and property management,Epco Builders Ltd,"Falcon Road, Industrial Area, Nairobi",info@epco.co.ke
Construction and property management,Perng Ventures Limited,"Karen Road, Nairobi",sorioki@progenyventures.co.ke 
Construction and property management,Haft Studio Ltd,"Link Road, Karen, Nairobi",info@haftstudio.ke 
Construction and property management,Trapoz Asphalt Limited,"Mandera Rd, Kileleshwa, Nairobi",info@trapozasphalt.co.ke 
Construction and property management,Sichuan Huashi Enterprise,"Korongo Road, Nairobi",info@kingsprideproperties.co.ke 
Textile technology,Knitstar Enterprises Ltd,729557653,Ruiru
Textile technology,Hela Intimates,729557653,Ruiru
Textile technology,EPZ,110837214,Athi River-EPZ
Textile technology,Thika Cloth Mills Ltd,721320665,Murang’a- Mukuyu market
Textile technology,Onyango Tailoring and Design,790003006,"Thika –Factory Road, opposite U.T.I  "
Textile technology,Kamji Computer Graphics,795589966,Kutus 
Textile technology,Omosh Jadina Fashion and Design,727649855,Karatina-Kimathi Street
Textile technology,Check Point Tailors,793776963,Kutus near main stage
Textile technology,Esterita Fashion,795305251,Thika-Alisa Plaza
Textile technology,Ukweli Uniform Self Selection,746194422,Kisii
Textile technology,Ayiso Bey Enterprises,726285182,Maua-Kaathene area
Textile technology,Bedi Investments Ltd. Company,729761450,Eldama Ravine – Sobak Hotel
Textile technology,United Aryan EPZ Ltd ,710894620,Chuka- Opposite Chuka High 
Textile technology,Manchurian Garments,711950907,Naivasha 
Textile technology,Elegant Textile & Fashion,794273097,Nyeri –Kuku Lane
Textile technology,Bonnie M. Fashion Centre,714075357,Nairobi- Mfangano House
Textile technology,Ann Wangui Designs,722029909,Nakuru- Industrial Area
Textile technology,Fashion Universe Tailors,722202092,Nairobi-Village Market 
Textile technology,Satillite Quick Tailors,716155355,Kutus- Near Kwanjogu Supermarket
Textile technology,Ebenezer Fashion Designer ,714772175,Embu-  Maathai Supermarket 5th floor
Textile technology,Koco Design Shop,720543539,Kabati--Rd near Kabati Flyover School
Textile technology,Fashion Universe  House,733198264,Nairobi- Kayole Mihan’go stage
Textile technology,Modecai Fashions,715296648,Kerugoya- Near Kerugoya Law Courts
Textile technology,Natalisha Fashion,0722565098/0751156886,Thika-Kimathi Estate
Textile technology,Mama Njambi Enterprise,711211174,Kitui- Ikanga Shopping Centre
Textile technology,Akiwa Designs,7410571808,Kagio- Around the market
Textile technology,Mary Mother of God Dressmaking and Tailoring School,745242858,Kutus- Alongiamiri Chemist
Textile technology,United Aryan (EPZ) Textile Ltd,716046638,Nairobi- Dandora Phase 4
Textile technology,Darad Shopping Centre,757720358,Kitui-    Kisasi Fashion Universe  House 
Textile technology,Sunhome Enterprise,0729556695/0737618113,"Nairobi-Ongata Rongai, next to Tuskys "
Textile technology,Esterita Universal Clothing,722914951,Kutus- Along Iruwak Supermarket Way
Textile technology,Lee Clothing,720919606,Kutus- Next to Kentcom Cyber
Textile technology,Ann’s Fashion House,706533240,Nakuru- CBD 
Textile technology,Ndunge Classic,706210194,Along Daisha Mombasa- Mtwapa road
Textile technology,Hope Uniforms,734666001,Nairobi- Thika Road Allsops
Textile technology,Mwambayanyundo Vocational Training Centre,714842148,Ukunda-Along Beach Road
Textile technology,Hola Vocational Training Centre,720308311,Nyeri -Sir George Building   
Textile technology,Voi Vocational Training Centre,710894620,Chuka- On the way to Chuka Boys
Textile technology,Ukala Vocational Training College,727257350,Thika- Makongeni 
Textile technology,Kakuyunu Vocational Training Centre,722561567,Nanyuki- Rentile House 
Textile technology,Gede Vocational Training Centre,702418182,Matuu-Opposite Gachanja Muhoro Ltd      
Textile technology,Chaan Weddings Bride Corner,O726750102,Nairobi- Kayole
Textile technology,Rivatex East Africa,737599697,Kilifi- Kaloleni
Textile technology,Garsen Vocational training Centre,712128884,Hola- Bura- Hola Road 
Textile technology,Sokoni Vocational Training Centre,712489673,Voi-along Tsavo East Road  
Textile technology,Ukunda Youth Polytechnic,716518978,Makueni-Kikima market 
Textile technology,Kware Vocational Training Centre,733743289,Malindi- Along jirore Road
Textile technology,Lare Vocational Training centre,720740802,Gede Market-off Mombasa-Malindi highway
Textile technology,Musengo Vocational Centre,710223706,Nyahururu- Koinange Street 
Textile technology,Nyeri National Polytechnic,532030901,"Eldoret-Kipkaren Road, Pioneer Estate "
Textile technology,Mama Mutuma Tailoring,721692018,Garsen Mijila- off Hola main highway 
Textile technology,Murugi Fashions,724658180,Kilifi   Kiwandani- Sokoni 
Textile technology,Susan Fashion Centre,725517139,Ukunda-along Likoni -Lunga Lunga Road 
Textile technology,Rehoboth  Designs,782191799,"Nakuru-Rongai, opposite ngoga Farm"
Textile technology, Stall 27,701906398,Njooro-Nakuru off Mau Narok Road
Textile technology,Thika Cloth Mills,714275371,"Kabati- Musengo Road,Off Kitui  highway"
Textile technology,Light Tailoring,724477942,Nyeri- Mumbi estate along Mumbi Road
Textile technology,Majongo Tailoring,729780566,Meru Makutano 
Textile technology,Ndinda Fashion Design,722933628,Embu Neema Plaza near Neema pharmacy   
Textile technology,Upendo Fashion &Tailoring ,729489638,Kutus-Mjini
Textile technology,Michael’s Designs,729006445,Kutus-Mjini
Textile technology,Joyce Clothing,722606784,Kariobangi South Market
Textile technology,Alphatex Wears,020-3744930,Thika –off Garissa Road
Textile technology,Satellite Quick Tailors,741402035,Kerugoya- Fidelity Building 
Textile technology,Watiti Designs,797986032,Nairobi- Utawala 
Textile technology,Sunflag Textile & Knitwear Mills Ltd,748683397,Nairobi- Langata 
Textile technology,Cherryfield Company,792020943,Along Meru-Maua road
Textile technology,Thread Africa,783480039,Opposite Muchfurn Ent
Textile technology,Lucy Fashion and Designer,723410400,"Thika- U.T.I., Factory Rd."
Textile technology,Lawdam Textitiles,791918972,Nairobi- Langata Otiende Area   
Textile technology,Galant Corporate International Ltd,720113990,Muranga Town behind Cooperative Bank
Textile technology,Panaito Textile and Clothing,710571808,Kagio
Textile technology,Triza Designs Shop,769402571,Kutus
Textile technology,SET Fashions and Embroidery,0724214355/0735101555,Nairobi- Kitui Road Industrial Area
Textile technology,Mama Salome Tailoring shop,736790529,Nairobi-Runyenjes Rd 
Textile technology,Janet Fashions,702670850,Nairobi Kahawa Wendani
